Time (d), O2 MC1 (%), CO2 MC1 (%), pH MC1, DO MC1 (uM), Time (d), O2 MC2 (%), CO2 MC2 (%), pH MC2, DO MC2 (uM)
    0.812160,  20.9400    , 0.740000E-01,  7.37000    ,  204.320    , 0.813650    ,  20.9300    , 0.740000E-01,  7.53000    ,  286.820
    0.853830,  20.9700    , 0.790000E-01,  7.39000    ,  191.890    , 0.855300    ,  20.9500    , 0.790000E-01,  7.56000    ,  267.830
    0.895530,  20.9600    , 0.710000E-01,  7.43000    ,  184.160    , 0.897010    ,  20.9600    , 0.770000E-01,  7.59000    ,  255.700
    0.937290,  20.9600    , 0.800000E-01,  7.46000    ,  179.820    , 0.938770    ,  20.9600    , 0.800000E-01,  7.61000    ,  247.090
    0.979040,  20.9700    , 0.700000E-01,  7.48000    ,  178.770    , 0.980520    ,  20.9600    , 0.740000E-01,  7.62000    ,  243.630
    1.020790,  20.9600    , 0.650000E-01,  7.49000    ,  177.950    ,  1.02227    ,  20.9500    , 0.610000E-01,  7.64000    ,  241.880
    1.062500,  20.9500    , 0.700000E-01,  7.50000    ,  177.250    ,  1.06397    ,  20.9500    , 0.700000E-01,  7.66000    ,  240.590
    1.104190,  20.9500    , 0.700000E-01,  7.49000    ,  175.780    ,  1.10566    ,  20.9600    , 0.640000E-01,  7.66000    ,  240.180
    1.145890,  20.9300    , 0.690000E-01,  7.48000    ,  175.250    ,  1.14736    ,  20.9400    , 0.690000E-01,  7.67000    ,  238.890
    1.187580,  20.9400    , 0.690000E-01,  7.45000    ,  172.850    ,  1.18905    ,  20.9400    , 0.690000E-01,  7.68000    ,  239.300
    1.229280,  20.9400    , 0.700000E-01,  7.42000    ,  173.090    ,  1.23075    ,  20.9600    , 0.600000E-01,  7.68000    ,  239.470
    1.270980,  20.9300    , 0.700000E-01,  7.36000    ,  170.800    ,  1.27245    ,  20.9500    , 0.600000E-01,  7.68000    ,  238.420
    1.312670,  20.9300    , 0.750000E-01,  7.31000    ,  169.390    ,  1.31414    ,  20.9600    , 0.600000E-01,  7.69000    ,  238.180
    1.354380,  20.9200    , 0.800000E-01,  7.26000    ,  168.050    ,  1.35584    ,  20.9600    , 0.560000E-01,  7.68000    ,  236.780
    1.396080,  20.8900    , 0.900000E-01,  7.22000    ,  166.170    ,  1.39755    ,  20.9400    , 0.600000E-01,  7.67000    ,  234.960
    1.437770,  20.9000    , 0.990000E-01,  7.19000    ,  165.230    ,  1.43924    ,  20.9500    , 0.590000E-01,  7.66000    ,  234.320
    1.479470,  20.8800    , 0.100000    ,  7.17000    ,  163.830    ,  1.48094    ,  20.9600    , 0.600000E-01,  7.64000    ,  231.500
    1.521240,  20.8800    , 0.108000    ,  7.16000    ,  164.470    ,  1.52271    ,  20.9500    , 0.580000E-01,  7.62000    ,  229.750
    1.576810,  20.8600    , 0.109000    ,  7.19000    ,  166.110    ,  1.57828    ,  20.9300    , 0.590000E-01,  7.60000    ,  228.050
    1.618530,  20.8700    , 0.100000    ,  7.22000    ,  168.050    ,  1.62000    ,  20.9200    , 0.600000E-01,  7.59000    ,  224.590
    1.660280,  20.8700    , 0.800000E-01,  7.25000    ,  169.630    ,  1.66175    ,  20.9000    , 0.600000E-01,  7.56000    ,  221.070
    1.702000,  20.8900    , 0.810000E-01,  7.26000    ,  168.110    ,  1.70347    ,  20.9300    , 0.700000E-01,  7.53000    ,  219.380
    1.743720,  20.9000    , 0.840000E-01,  7.27000    ,  168.810    ,  1.74519    ,  20.9100    , 0.800000E-01,  7.51000    ,  218.790
    1.785440,  20.9000    , 0.900000E-01,  7.29000    ,  169.340    ,  1.78691    ,  20.9100    , 0.810000E-01,  7.49000    ,  217.620
    1.827160,  20.9000    , 0.890000E-01,  7.32000    ,  171.330    ,  1.82863    ,  20.8900    , 0.880000E-01,  7.46000    ,  215.920
    1.868880,  20.9000    , 0.860000E-01,  7.34000    ,  171.620    ,  1.87035    ,  20.9000    , 0.940000E-01,  7.42000    ,  214.160
    1.910600,  20.9000    , 0.900000E-01,  7.36000    ,  173.030    ,  1.91207    ,  20.8800    , 0.100000    ,  7.39000    ,  212.460
    1.952330,  20.9100    , 0.790000E-01,  7.37000    ,  172.500    ,  1.95380    ,  20.8800    , 0.960000E-01,  7.35000    ,  213.050
    1.994050,  20.9100    , 0.800000E-01,  7.38000    ,  172.090    ,  1.99552    ,  20.8700    , 0.990000E-01,  7.33000    ,  212.340
    2.035780,  20.9000    , 0.840000E-01,  7.40000    ,  173.200    ,  2.03725    ,  20.8400    , 0.970000E-01,  7.31000    ,  214.920
    2.077500,  20.9200    , 0.700000E-01,  7.40000    ,  172.680    ,  2.07897    ,  20.8700    , 0.930000E-01,  7.31000    ,  217.850
    2.119210,  20.9200    , 0.770000E-01,  7.40000    ,  173.030    ,  2.12069    ,  20.8700    , 0.990000E-01,  7.33000    ,  222.830
    2.160940,  20.9100    , 0.730000E-01,  7.41000    ,  172.270    ,  2.16241    ,  20.8600    , 0.100000    ,  7.36000    ,  226.290
    2.202660,  20.9200    , 0.730000E-01,  7.41000    ,  172.790    ,  2.20413    ,  20.8800    , 0.900000E-01,  7.38000    ,  227.990
    2.244390,  20.9300    , 0.700000E-01,  7.41000    ,  171.910    ,  2.24586    ,  20.8900    , 0.900000E-01,  7.40000    ,  229.100
    2.286110,  20.9200    , 0.700000E-01,  7.42000    ,  171.970    ,  2.28758    ,  20.9000    , 0.910000E-01,  7.43000    ,  229.690
    2.327840,  20.9100    , 0.800000E-01,  7.42000    ,  171.390    ,  2.32931    ,  20.8700    , 0.100000    ,  7.44000    ,  229.750
    2.369560,  20.9300    , 0.740000E-01,  7.41000    ,  171.560    ,  2.37103    ,  20.8900    , 0.100000    ,  7.44000    ,  229.690
    2.411280,  20.9300    , 0.770000E-01,  7.41000    ,  171.800    ,  2.41277    ,  20.8900    , 0.970000E-01,  7.44000    ,  228.340
    2.453030,  20.9200    , 0.700000E-01,  7.41000    ,  171.390    ,  2.45451    ,  20.9100    , 0.900000E-01,  7.45000    ,  227.990
    2.494790,  20.9100    , 0.720000E-01,  7.41000    ,  171.040    ,  2.49626    ,  20.8900    , 0.820000E-01,  7.47000    ,  229.750
    2.536520,  20.9100    , 0.800000E-01,  7.41000    ,  171.150    ,  2.53799    ,  20.8900    , 0.100000    ,  7.47000    ,  229.750
    2.578290,  20.9200    , 0.700000E-01,  7.41000    ,             ,  2.57976    ,  20.9000    , 0.900000E-01,  7.48000    ,  230.570
    2.620060,  20.9400    , 0.700000E-01,  7.41000    ,             ,  2.62154    ,  20.9200    , 0.900000E-01,  7.49000    ,  230.860
    2.661840,  20.9100    , 0.710000E-01,  7.41000    ,             ,  2.66332    ,  20.9000    , 0.900000E-01,  7.49000    ,  229.800
    2.703630,  20.9200    , 0.800000E-01,  7.40000    ,             ,  2.70513    ,  20.9100    , 0.900000E-01,  7.49000    ,  229.750
    2.745320,  20.9100    , 0.800000E-01,  7.40000    ,             ,  2.74682    ,  20.9100    , 0.900000E-01,  7.50000    ,  230.800
    2.787010,  20.9100    , 0.710000E-01,  7.40000    ,             ,  2.78852    ,  20.9000    , 0.900000E-01,  7.50000    ,  229.750
    2.828720,  20.9000    , 0.740000E-01,  7.40000    ,             ,  2.83022    ,  20.8900    , 0.880000E-01,  7.50000    ,  231.150
    2.870420,  20.9100    , 0.800000E-01,  7.39000    ,             ,  2.87192    ,  20.9000    , 0.900000E-01,  7.50000    ,  229.690
    2.912120,  20.9200    , 0.760000E-01,  7.38000    ,             ,  2.91362    ,  20.9100    , 0.910000E-01,  7.49000    ,  230.510
    2.953830,  20.9200    , 0.750000E-01,  7.38000    ,             ,  2.95534    ,  20.9100    , 0.900000E-01,  7.48000    ,  229.860
    2.995460,  20.9200    , 0.790000E-01,  7.38000    ,  171.560    ,  2.99693    ,  20.9000    , 0.900000E-01,  7.48000    ,  227.990
    3.037180,  20.9000    , 0.800000E-01,  7.37000    ,  170.450    ,  3.03866    ,  20.9000    , 0.900000E-01,  7.48000    ,  228.160
    3.078900,  20.9100    , 0.780000E-01,  7.37000    ,  170.450    ,  3.08037    ,  20.8900    , 0.870000E-01,  7.48000    ,  228.160
    3.120630,  20.9100    , 0.800000E-01,  7.37000    ,  170.510    ,  3.12211    ,  20.9000    , 0.900000E-01,  7.48000    ,  227.990
    3.162360,  20.9100    , 0.880000E-01,  7.36000    ,  170.860    ,  3.16384    ,  20.8900    , 0.920000E-01,  7.47000    ,  229.750
    3.204100,  20.8900    , 0.800000E-01,  7.36000    ,  170.800    ,  3.20558    ,  20.8800    , 0.900000E-01,  7.47000    ,  229.690
    3.245840,  20.9000    , 0.810000E-01,  7.36000    ,  169.450    ,  3.24733    ,  20.8900    , 0.900000E-01,  7.47000    ,  227.990
    3.287590,  20.9300    , 0.810000E-01,  7.35000    ,  170.100    ,  3.28909    ,  20.9200    , 0.900000E-01,  7.47000    ,  227.990
    3.329340,  20.9000    , 0.790000E-01,  7.35000    ,  170.450    ,  3.33083    ,  20.8900    , 0.930000E-01,  7.48000    ,  228.050
    3.371100,  20.9000    , 0.800000E-01,  7.35000    ,  170.920    ,  3.37259    ,  20.8900    , 0.900000E-01,  7.48000    ,  227.990
    3.412860,  20.8900    , 0.840000E-01,  7.34000    ,  170.330    ,  3.41436    ,  20.9100    , 0.900000E-01,  7.47000    ,  228.570
    3.454680,  20.9200    , 0.690000E-01,  7.34000    ,             ,  3.45618    ,  20.9200    , 0.790000E-01,  7.48000    ,  228.050
    3.496370,  20.9200    , 0.790000E-01,  7.34000    ,             ,  3.49787    ,  20.9100    , 0.800000E-01,  7.48000    ,  229.980
    3.538060,  20.9000    , 0.760000E-01,  7.34000    ,             ,  3.53954    ,  20.8900    , 0.820000E-01,  7.48000    ,  229.750
    3.579730,  20.9100    , 0.800000E-01,  7.35000    ,  170.570    ,  3.58123    ,  20.9100    , 0.900000E-01,  7.49000    ,  229.750
    3.621420,  20.9200    , 0.700000E-01,  7.35000    ,  170.450    ,  3.62292    ,  20.9100    , 0.700000E-01,  7.49000    ,  229.750
    3.663100,  20.9100    , 0.600000E-01,  7.34000    ,  170.620    ,  3.66457    ,  20.9000    , 0.600000E-01,  7.48000    ,  228.050
    3.734990,  20.8500    , 0.800000E-01,  7.32000    ,  168.690    ,  3.73646    ,  20.8100    , 0.820000E-01,  7.46000    ,  228.050
    3.776740,  20.9900    , 0.900000E-01,  7.31000    ,  169.860    ,  3.77823    ,  20.9700    , 0.930000E-01,  7.46000    ,  228.400
    3.818510,  20.9600    , 0.770000E-01,  7.29000    ,  169.690    ,  3.81999    ,  20.9500    , 0.800000E-01,  7.44000    ,  227.990
    3.860270,  20.9900    , 0.800000E-01,  7.29000    ,  170.040    ,  3.86176    ,  20.9800    , 0.840000E-01,  7.43000    ,  227.990
    3.902040,  20.9900    , 0.800000E-01,  7.28000    ,  168.520    ,  3.90353    ,  20.9800    , 0.900000E-01,  7.42000    ,  228.050
    3.943810,  20.9500    , 0.800000E-01,  7.27000    ,  168.930    ,  3.94530    ,  20.9600    , 0.900000E-01,  7.41000    ,  227.990
    3.985580,  20.9900    , 0.870000E-01,  7.26000    ,  169.220    ,  3.98707    ,  20.9800    , 0.890000E-01,  7.41000    ,  228.220
    4.027340,  20.9600    , 0.900000E-01,  7.26000    ,  169.510    ,  4.02883    ,  20.9500    , 0.950000E-01,  7.40000    ,  227.990
    4.069110,  20.9700    , 0.860000E-01,  7.26000    ,  168.690    ,  4.07060    ,  20.9600    , 0.900000E-01,  7.39000    ,  228.400
    4.110880,  20.9600    , 0.900000E-01,  7.24000    ,  168.110    ,  4.11237    ,  20.9600    , 0.930000E-01,  7.39000    ,  227.990
    4.152650,  20.9600    , 0.930000E-01,  7.24000    ,  168.810    ,  4.15414    ,  20.9600    , 0.100000    ,  7.39000    ,  227.810
    4.194420,  20.9600    , 0.980000E-01,  7.24000    ,  168.930    ,  4.19591    ,  20.9500    , 0.100000    ,  7.38000    ,  227.990
    4.236180,  20.9600    , 0.108000    ,  7.23000    ,  168.930    ,  4.23769    ,  20.9500    , 0.108000    ,  7.38000    ,  227.810
    4.277950,  20.9500    , 0.100000    ,  7.23000    ,  168.400    ,  4.27946    ,  20.9400    , 0.100000    ,  7.38000    ,  227.990
    4.319730,  20.9600    , 0.100000    ,  7.22000    ,  168.930    ,  4.32123    ,  20.9600    , 0.101000    ,  7.37000    ,  227.990
    4.361480,  20.9600    , 0.100000    ,  7.23000    ,  169.920    ,  4.36295    ,  20.9600    , 0.100000    ,  7.37000    ,  227.990
    4.403210,  20.9400    , 0.930000E-01,  7.22000    ,  168.220    ,  4.40468    ,  20.9400    , 0.100000    ,  7.37000    ,  228.050
    4.444950,  20.9600    , 0.920000E-01,  7.22000    ,  169.510    ,  4.44645    ,  20.9600    , 0.100000    ,  7.37000    ,  227.990
    4.486720,  20.9500    , 0.940000E-01,  7.22000    ,  168.340    ,  4.48822    ,  20.9400    , 0.100000    ,  7.36000    ,  227.990
    4.528480,  20.9400    , 0.110000    ,  7.22000    ,  168.400    ,  4.52998    ,  20.9400    , 0.115000    ,  7.37000    ,  227.990
    4.570250,  20.9600    , 0.100000    ,  7.22000    ,  168.980    ,  4.57175    ,  20.9500    , 0.110000    ,  7.37000    ,  227.870
    4.612050,  20.9600    , 0.110000    ,  7.21000    ,             ,  4.61354    ,  20.9600    , 0.110000    ,  7.36000    ,  227.870
    4.653740,  20.9700    , 0.110000    ,  7.21000    ,             ,  4.65524    ,  20.9600    , 0.117000    ,  7.36000    ,  228.050
    4.695440,  20.9600    , 0.110000    ,  7.20000    ,             ,  4.69693    ,  20.9800    , 0.113000    ,  7.36000    ,  228.050
    4.737140,  20.9600    , 0.109000    ,  7.21000    ,             ,  4.73863    ,  20.9600    , 0.120000    ,  7.36000    ,  229.800
    4.778800,  20.9600    , 0.110000    ,  7.20000    ,  171.330    ,  4.78029    ,  20.9600    , 0.111000    ,  7.36000    ,  229.980
    4.820610,  20.9600    , 0.102000    ,  7.20000    ,             ,  4.82211    ,  20.9400    , 0.110000    ,  7.36000    ,  231.500
    4.862310,  20.9700    , 0.110000    ,  7.20000    ,             ,  4.86381    ,  20.9700    , 0.111000    ,  7.36000    ,  231.680
    4.904020,  20.9800    , 0.108000    ,  7.20000    ,             ,  4.90551    ,  20.9700    , 0.113000    ,  7.36000    ,  231.560
    4.945720,  20.9700    , 0.102000    ,  7.20000    ,             ,  4.94721    ,  20.9600    , 0.110000    ,  7.36000    ,  233.260
    4.987420,  20.9700    , 0.100000    ,  7.20000    ,             ,  4.98891    ,  20.9600    , 0.103000    ,  7.36000    ,  233.790
    5.029070,  20.9800    , 0.110000    ,  7.20000    ,  173.550    ,  5.03057    ,  20.9700    , 0.110000    ,  7.36000    ,  233.320
    5.070840,  20.9600    , 0.110000    ,  7.20000    ,  172.910    ,  5.07234    ,  20.9500    , 0.110000    ,  7.35000    ,  233.320
    5.070950,  20.9800    , 0.110000    ,  7.20000    ,  173.030    ,  5.07244    ,  20.9700    , 0.110000    ,  7.34000    ,  234.320
    5.112720,  20.9800    , 0.109000    ,  7.20000    ,  173.610    ,  5.11421    ,  20.9700    , 0.119000    ,  7.35000    ,  233.320
    5.154490,  20.9800    , 0.118000    ,  7.19000    ,  173.260    ,  5.15598    ,  20.9800    , 0.118000    ,  7.35000    ,  235.080
    5.196270,  20.9600    , 0.110000    ,  7.20000    ,  173.140    ,  5.19775    ,  20.9500    , 0.110000    ,  7.35000    ,  235.080
    5.238040,  20.9700    , 0.114000    ,  7.19000    ,  174.490    ,  5.23954    ,  20.9700    , 0.111000    ,  7.34000    ,  235.660
    5.279810,  20.9600    , 0.110000    ,  7.20000    ,  174.200    ,  5.28131    ,  20.9500    , 0.111000    ,  7.34000    ,  235.080
    5.321590,  20.9800    , 0.101000    ,  7.19000    ,  174.260    ,  5.32308    ,  20.9700    , 0.110000    ,  7.34000    ,  235.080
    5.363360,  20.9600    , 0.108000    ,  7.20000    ,  173.910    ,  5.36485    ,  20.9500    , 0.108000    ,  7.34000    ,  235.430
    5.405100,  20.9700    , 0.110000    ,  7.20000    ,  173.260    ,  5.40657    ,  20.9700    , 0.114000    ,  7.34000    ,  235.020
    5.446850,  20.9700    , 0.100000    ,  7.19000    ,  175.140    ,  5.44834    ,  20.9600    , 0.110000    ,  7.34000    ,  235.310
    5.488620,  20.9700    , 0.980000E-01,  7.20000    ,  174.260    ,  5.49012    ,  20.9500    , 0.106000    ,  7.34000    ,  236.130
    5.530390,  20.9500    , 0.108000    ,  7.19000    ,  173.670    ,  5.53189    ,  20.9600    , 0.111000    ,  7.34000    ,  234.960
    5.572160,  20.9600    , 0.101000    ,  7.19000    ,  174.320    ,  5.57366    ,  20.9600    , 0.111000    ,  7.34000    ,  235.020
    5.613940,  20.9600    , 0.100000    ,  7.20000    ,  173.670    ,  5.61543    ,  20.9500    , 0.110000    ,  7.34000    ,  235.020
    5.655710,  20.9500    , 0.100000    ,  7.19000    ,  173.790    ,  5.65720    ,  20.9400    , 0.110000    ,  7.33000    ,  235.200
    5.697480,  20.9700    , 0.103000    ,  7.19000    ,  173.500    ,  5.69897    ,  20.9600    , 0.110000    ,  7.34000    ,  234.960
    5.739250,  20.9700    , 0.109000    ,  7.19000    ,  173.670    ,  5.74074    ,  20.9500    , 0.109000    ,  7.33000    ,  235.080
    5.781060,  20.9600    , 0.107000    ,  7.19000    ,             ,  5.78256    ,  20.9500    , 0.117000    ,  7.33000    ,  236.660
    5.822720,  20.9500    , 0.104000    ,  7.20000    ,  174.140    ,  5.82421    ,  20.9400    , 0.112000    ,  7.34000    ,  236.720
    5.864470,  20.9700    , 0.100000    ,  7.20000    ,  175.020    ,  5.86594    ,  20.9600    , 0.110000    ,  7.33000    ,  236.720
    5.906190,  20.9600    , 0.102000    ,  7.20000    ,  173.670    ,  5.90766    ,  20.9500    , 0.107000    ,  7.33000    ,  236.600
    5.947920,  20.9800    , 0.104000    ,  7.19000    ,  173.500    ,  5.94939    ,  20.9600    , 0.109000    ,  7.33000    ,  236.720
    5.989640,  20.9800    , 0.990000E-01,  7.19000    ,  173.500    ,  5.99111    ,  20.9800    , 0.109000    ,  7.34000    ,  236.660
    6.031380,  20.9700    , 0.100000    ,  7.20000    ,  173.730    ,  6.03285    ,  20.9600    , 0.116000    ,  7.34000    ,  234.960
    6.073100,  20.9800    , 0.109000    ,  7.20000    ,  173.030    ,  6.07457    ,  20.9700    , 0.119000    ,  7.33000    ,  235.660
    6.114830,  20.9700    , 0.900000E-01,  7.20000    ,  173.550    ,  6.11630    ,  20.9600    , 0.110000    ,  7.33000    ,  236.660
    6.156550,  20.9700    , 0.100000    ,  7.20000    ,  173.610    ,  6.15803    ,  20.9600    , 0.110000    ,  7.33000    ,  236.720
    6.198290,  20.9700    , 0.940000E-01,  7.20000    ,  173.260    ,  6.19978    ,  20.9600    , 0.110000    ,  7.33000    ,  235.080
    6.240050,  20.9800    , 0.100000    ,  7.20000    ,  173.260    ,  6.24153    ,  20.9700    , 0.110000    ,  7.33000    ,  234.960
    6.281790,  20.9800    , 0.100000    ,  7.20000    ,  173.610    ,  6.28329    ,  20.9500    , 0.103000    ,  7.33000    ,  235.660
    6.323550,  20.9600    , 0.107000    ,  7.20000    ,  173.140    ,  6.32503    ,  20.9500    , 0.117000    ,  7.33000    ,  236.660
    6.365300,  20.9700    , 0.101000    ,  7.20000    ,  173.500    ,  6.36678    ,  20.9600    , 0.110000    ,  7.33000    ,  236.130
    6.407040,  20.9700    , 0.990000E-01,  7.20000    ,  173.440    ,  6.40851    ,  20.9600    , 0.990000E-01,  7.33000    ,  235.660
    6.448760,  20.9700    , 0.910000E-01,  7.20000    ,  173.140    ,  6.45023    ,  20.9600    , 0.102000    ,  7.33000    ,  235.020
    6.490490,  20.9800    , 0.100000    ,  7.21000    ,  173.730    ,  6.49196    ,  20.9800    , 0.110000    ,  7.33000    ,  234.960
    6.532210,  20.9800    , 0.100000    ,  7.20000    ,  173.550    ,  6.53368    ,  20.9800    , 0.110000    ,  7.32000    ,  234.960
    6.573940,  20.9800    , 0.930000E-01,  7.21000    ,  173.200    ,  6.57541    ,  20.9700    , 0.110000    ,  7.33000    ,  234.960
    6.615660,  20.9800    , 0.950000E-01,  7.21000    ,  172.620    ,  6.61714    ,  20.9700    , 0.106000    ,  7.33000    ,  233.440
    6.657400,  20.9900    , 0.100000    ,  7.21000    ,  171.860    ,  6.65887    ,  20.9700    , 0.110000    ,  7.32000    ,  234.140
    6.699120,  20.9600    , 0.990000E-01,  7.21000    ,  172.620    ,  6.70059    ,  20.9700    , 0.110000    ,  7.32000    ,  234.960
    6.740840,  20.9800    , 0.930000E-01,  7.21000    ,  172.790    ,  6.74231    ,  20.9700    , 0.102000    ,  7.32000    ,  233.200
    6.782570,  20.9800    , 0.990000E-01,  7.21000    ,  172.210    ,  6.78404    ,  20.9700    , 0.109000    ,  7.32000    ,  233.140
    6.824340,  20.9800    , 0.950000E-01,  7.21000    ,  172.210    ,  6.82583    ,  20.9600    , 0.110000    ,  7.33000    ,  233.200
    6.866110,  20.9700    , 0.910000E-01,  7.22000    ,  172.090    ,  6.86760    ,  20.9700    , 0.106000    ,  7.33000    ,  233.200
    6.907880,  20.9800    , 0.900000E-01,  7.22000    ,  171.680    ,  6.90937    ,  20.9600    , 0.104000    ,  7.33000    ,  231.500
    6.949630,  20.9900    , 0.900000E-01,  7.22000    ,  171.150    ,  6.95110    ,  20.9700    , 0.100000    ,  7.33000    ,  233.200
    6.991350,  21.0000    , 0.100000    ,  7.22000    ,  171.040    ,  6.99284    ,  20.9800    , 0.110000    ,  7.33000    ,  231.500
    7.033090,  20.9700    , 0.910000E-01,  7.22000    ,  171.270    ,  7.03456    ,  20.9600    , 0.102000    ,  7.33000    ,  231.560
    7.074810,  20.9900    , 0.100000    ,  7.23000    ,  171.390    ,  7.07628    ,  20.9800    , 0.110000    ,  7.34000    ,  231.680
    7.116540,  20.9700    , 0.940000E-01,  7.22000    ,  171.330    ,  7.11801    ,  20.9600    , 0.110000    ,  7.34000    ,  231.500
    7.158260,  20.9600    , 0.990000E-01,  7.23000    ,  171.450    ,  7.15973    ,  20.9500    , 0.109000    ,  7.33000    ,  231.450
    7.199990,  20.9900    , 0.900000E-01,  7.22000    ,  171.620    ,  7.20146    ,  20.9800    , 0.103000    ,  7.34000    ,  231.270
    7.241710,  20.9700    , 0.960000E-01,  7.23000    ,  171.150    ,  7.24318    ,  20.9600    , 0.100000    ,  7.34000    ,  231.560
    7.283460,  20.9900    , 0.930000E-01,  7.23000    ,  171.970    ,  7.28495    ,  20.9700    , 0.103000    ,  7.33000    ,  231.500
    7.325230,  20.9700    , 0.910000E-01,  7.23000    ,  171.450    ,  7.32672    ,  20.9600    , 0.100000    ,  7.33000    ,  231.270
    7.367000,  20.9800    , 0.960000E-01,  7.22000    ,  171.330    ,  7.36850    ,  20.9700    , 0.106000    ,  7.34000    ,  231.450
    7.408770,  20.9800    , 0.900000E-01,  7.23000    ,  171.330    ,  7.41027    ,  20.9600    , 0.100000    ,  7.33000    ,  231.390
    7.450580,  20.9900    , 0.920000E-01,  7.22000    ,  173.320    ,  7.45207    ,  20.9800    , 0.102000    ,  7.34000    ,  231.500
    7.492230,  20.9900    , 0.900000E-01,  7.23000    ,  172.210    ,  7.49373    ,  20.9800    , 0.100000    ,  7.34000    ,  231.500
    7.534000,  20.9900    , 0.900000E-01,  7.23000    ,  171.270    ,  7.53550    ,  20.9700    , 0.109000    ,  7.34000    ,  231.450
    7.575780,  20.9800    , 0.900000E-01,  7.23000    ,  172.150    ,  7.57727    ,  20.9700    , 0.103000    ,  7.34000    ,  230.270
    7.617530,  20.9700    , 0.900000E-01,  7.23000    ,  171.270    ,  7.61903    ,  20.9600    , 0.100000    ,  7.35000    ,  230.270
    7.659290,  20.9900    , 0.900000E-01,  7.23000    ,  171.330    ,  7.66079    ,  20.9800    , 0.100000    ,  7.34000    ,  229.750
    7.701050,  20.9900    , 0.900000E-01,  7.23000    ,  170.740    ,  7.70255    ,  20.9800    , 0.100000    ,  7.34000    ,  229.750
    7.742820,  20.9900    , 0.900000E-01,  7.23000    ,  171.150    ,  7.74432    ,  20.9800    , 0.100000    ,  7.35000    ,  229.860
    7.784580,  20.9900    , 0.900000E-01,  7.23000    ,  170.620    ,  7.78608    ,  20.9900    , 0.100000    ,  7.34000    ,  229.750
    7.826350,  20.9700    , 0.900000E-01,  7.24000    ,  170.100    ,  7.82785    ,  20.9600    , 0.100000    ,  7.34000    ,  229.920
    7.868130,  20.9900    , 0.900000E-01,  7.23000    ,  170.980    ,  7.86962    ,  20.9900    , 0.900000E-01,  7.35000    ,  230.570
    7.909880,  20.9900    , 0.870000E-01,  7.24000    ,  170.740    ,  7.91138    ,  20.9800    , 0.930000E-01,  7.35000    ,  229.800
    7.951640,  20.9700    , 0.900000E-01,  7.24000    ,  170.330    ,  7.95314    ,  20.9800    , 0.100000    ,  7.35000    ,  229.750
    7.993400,  20.9800    , 0.890000E-01,  7.23000    ,  171.390    ,  7.99490    ,  20.9600    , 0.100000    ,  7.35000    ,  229.750
    8.035160,  20.9800    , 0.900000E-01,  7.24000    ,  171.150    ,  8.03664    ,  20.9900    , 0.930000E-01,  7.35000    ,  229.750
    8.076920,  20.9800    , 0.900000E-01,  7.24000    ,  170.860    ,  8.07840    ,  20.9700    , 0.910000E-01,  7.35000    ,  229.800
    8.118660,  20.9900    , 0.860000E-01,  7.23000    ,  171.330    ,  8.12013    ,  20.9700    , 0.980000E-01,  7.35000    ,  229.980
    8.160410,  20.9800    , 0.900000E-01,  7.23000    ,  171.150    ,  8.16188    ,  20.9800    , 0.950000E-01,  7.35000    ,  229.750
    8.202150,  20.9800    , 0.860000E-01,  7.23000    ,  170.680    ,  8.20363    ,  20.9800    , 0.102000    ,  7.36000    ,  229.750
    8.243900,  20.9900    , 0.900000E-01,  7.24000    ,  171.270    ,  8.24539    ,  20.9700    , 0.100000    ,  7.35000    ,  231.450
    8.285660,  20.9900    , 0.870000E-01,  7.23000    ,  171.040    ,  8.28715    ,  20.9700    , 0.990000E-01,  7.35000    ,  231.800
    8.327420,  20.9800    , 0.810000E-01,  7.23000    ,  170.620    ,  8.32891    ,  20.9700    , 0.900000E-01,  7.35000    ,  232.210
    8.369170,  20.9900    , 0.830000E-01,  7.22000    ,  171.450    ,  8.37064    ,  20.9800    , 0.930000E-01,  7.35000    ,  231.560
    8.410880,  20.9700    , 0.900000E-01,  7.23000    ,  171.270    ,  8.41236    ,  20.9700    , 0.910000E-01,  7.35000    ,  231.500
    8.452600,  20.9800    , 0.900000E-01,  7.23000    ,  171.390    ,  8.45409    ,  20.9700    , 0.920000E-01,  7.35000    ,  231.500
    8.494380,  20.9900    , 0.900000E-01,  7.22000    ,             ,  8.49586    ,  20.9900    , 0.920000E-01,  7.35000    ,  232.090
    8.536160,  20.9900    , 0.840000E-01,  7.22000    ,             ,  8.53763    ,  20.9900    , 0.930000E-01,  7.35000    ,  231.500
    8.577930,  20.9800    , 0.880000E-01,  7.22000    ,             ,  8.57941    ,  20.9700    , 0.980000E-01,  7.35000    ,  231.500
    8.619700,  20.9800    , 0.800000E-01,  7.21000    ,             ,  8.62118    ,  20.9800    , 0.900000E-01,  7.36000    ,  231.620
    8.661480,  20.9800    , 0.900000E-01,  7.21000    ,             ,  8.66295    ,  20.9800    , 0.900000E-01,  7.36000    ,  232.380
    8.703250,  20.9800    , 0.880000E-01,  7.22000    ,             ,  8.70473    ,  20.9700    , 0.980000E-01,  7.36000    ,  231.500
    8.745020,  20.9900    , 0.830000E-01,  7.21000    ,             ,  8.74650    ,  20.9800    , 0.890000E-01,  7.36000    ,  233.200
    8.786790,  20.9900    , 0.800000E-01,  7.21000    ,             ,  8.78828    ,  20.9900    , 0.900000E-01,  7.36000    ,  231.560
    8.828580,  20.9800    , 0.870000E-01,  7.21000    ,             ,  8.83005    ,  20.9800    , 0.970000E-01,  7.36000    ,  231.500
    8.870350,  20.9700    , 0.900000E-01,  7.21000    ,             ,  8.87183    ,  20.9700    , 0.910000E-01,  7.36000    ,  231.560
    8.912120,  20.9700    , 0.820000E-01,  7.21000    ,             ,  8.91360    ,  20.9700    , 0.940000E-01,  7.36000    ,  233.200
    8.953890,  20.9800    , 0.890000E-01,  7.21000    ,             ,  8.95537    ,  20.9700    , 0.990000E-01,  7.36000    ,  232.560
    8.995670,  20.9700    , 0.900000E-01,  7.21000    ,             ,  8.99715    ,  20.9600    , 0.900000E-01,  7.36000    ,  231.860
    9.037450,  20.9700    , 0.840000E-01,  7.20000    ,             ,  9.03894    ,  20.9700    , 0.100000    ,  7.36000    ,  233.200
    9.079220,  20.9800    , 0.900000E-01,  7.21000    ,  174.020    ,  9.08071    ,  20.9700    , 0.910000E-01,  7.36000    ,  231.500
    9.121020,  20.9900    , 0.910000E-01,  7.20000    ,             ,  9.12251    ,  20.9900    , 0.100000    ,  7.36000    ,  233.320
    9.162700,  20.9700    , 0.890000E-01,  7.20000    ,             ,  9.16419    ,  20.9600    , 0.890000E-01,  7.36000    ,  233.610
    9.204370,  20.9800    , 0.960000E-01,  7.20000    ,             ,  9.20587    ,  20.9900    , 0.980000E-01,  7.36000    ,  233.380
    9.246010,  21.0000    , 0.870000E-01,  7.20000    ,  173.440    ,  9.24749    ,  20.9800    , 0.930000E-01,  7.36000    ,  233.260
    9.287740,  20.9800    , 0.830000E-01,  7.20000    ,  173.320    ,  9.28922    ,  20.9900    , 0.900000E-01,  7.36000    ,  234.080
    9.329480,  21.0100    , 0.900000E-01,  7.20000    ,  173.550    ,  9.33095    ,  21.0000    , 0.910000E-01,  7.36000    ,  233.260
    9.371200,  21.0000    , 0.830000E-01,  7.20000    ,  173.790    ,  9.37267    ,  20.9900    , 0.900000E-01,  7.36000    ,  233.550
    9.412930,  21.0100    , 0.910000E-01,  7.20000    ,  173.910    ,  9.41441    ,  21.0000    , 0.980000E-01,  7.36000    ,  234.610
    9.454680,  21.0000    , 0.910000E-01,  7.20000    ,  173.670    ,  9.45616    ,  20.9900    , 0.900000E-01,  7.36000    ,  233.260
    9.496440,  21.0100    , 0.880000E-01,  7.20000    ,  172.970    ,  9.49792    ,  21.0000    , 0.930000E-01,  7.36000    ,  234.430
    9.538180,  20.9900    , 0.900000E-01,  7.20000    ,  173.440    ,  9.53968    ,  20.9900    , 0.100000    ,  7.36000    ,  233.380
    9.579940,  21.0000    , 0.900000E-01,  7.20000    ,  172.730    ,  9.58142    ,  21.0000    , 0.910000E-01,  7.36000    ,  233.260
    9.621690,  20.9900    , 0.800000E-01,  7.20000    ,  172.560    ,  9.62318    ,  20.9900    , 0.800000E-01,  7.36000    ,  233.260
    9.663450,  21.0000    , 0.880000E-01,  7.20000    ,  172.560    ,  9.66493    ,  21.0000    , 0.880000E-01,  7.36000    ,  233.260
    9.705210,  20.9900    , 0.900000E-01,  7.20000    ,  172.440    ,  9.70669    ,  20.9800    , 0.900000E-01,  7.36000    ,  233.260
    9.746960,  20.9900    , 0.900000E-01,  7.20000    ,  171.910    ,  9.74845    ,  20.9900    , 0.900000E-01,  7.36000    ,  233.260
    9.788720,  21.0000    , 0.990000E-01,  7.20000    ,  173.140    ,  9.79021    ,  20.9900    , 0.990000E-01,  7.36000    ,  234.960
    9.830470,  21.0000    , 0.900000E-01,  7.20000    ,  173.670    ,  9.83196    ,  20.9900    , 0.930000E-01,  7.36000    ,  234.960
    9.872230,  20.9800    , 0.880000E-01,  7.20000    ,  173.730    ,  9.87373    ,  20.9800    , 0.900000E-01,  7.36000    ,  234.960
    9.913990,  20.9800    , 0.890000E-01,  7.20000    ,  173.500    ,  9.91547    ,  20.9800    , 0.890000E-01,  7.36000    ,  234.840
    9.955750,  20.9800    , 0.900000E-01,  7.19000    ,  174.380    ,  9.95723    ,  20.9700    , 0.900000E-01,  7.36000    ,  235.250
    9.997500,  20.9900    , 0.900000E-01,  7.19000    ,  174.320    ,  9.99899    ,  20.9800    , 0.900000E-01,  7.36000    ,  235.020
   10.039260,  20.9800    , 0.900000E-01,  7.19000    ,  174.200    ,  10.0407    ,  20.9700    , 0.880000E-01,  7.36000    ,  235.020
   10.081020,  21.0000    , 0.900000E-01,  7.19000    ,  174.080    ,  10.0825    ,  20.9900    , 0.900000E-01,  7.36000    ,  235.080
   10.122780,  21.0000    , 0.910000E-01,  7.19000    ,  173.670    ,  10.1243    ,  20.9900    , 0.900000E-01,  7.36000    ,  235.020
   10.164570,  20.9700    , 0.810000E-01,  7.19000    ,             ,  10.1661    ,  20.9700    , 0.810000E-01,  7.36000    ,  235.080
   10.206250,  20.9800    , 0.900000E-01,  7.19000    ,             ,  10.2077    ,  20.9700    , 0.900000E-01,  7.36000    ,  236.600
   10.247910,  20.9800    , 0.800000E-01,  7.18000    ,             ,  10.2494    ,  20.9800    , 0.800000E-01,  7.36000    ,  235.020
   10.289690,  20.9700    , 0.840000E-01,  7.19000    ,             ,  10.2912    ,  20.9600    , 0.810000E-01,  7.35000    ,  236.720
   10.331460,  20.9800    , 0.810000E-01,  7.18000    ,             ,  10.3329    ,  20.9800    , 0.800000E-01,  7.36000    ,  236.540
   10.373240,  20.9900    , 0.840000E-01,  7.18000    ,             ,  10.3747    ,  20.9800    , 0.830000E-01,  7.35000    ,  235.550
   10.415010,  20.9800    , 0.900000E-01,  7.18000    ,             ,  10.4165    ,  20.9800    , 0.900000E-01,  7.35000    ,  235.080
   10.456780,  20.9900    , 0.910000E-01,  7.18000    ,             ,  10.4583    ,  20.9900    , 0.900000E-01,  7.36000    ,  234.960
   10.498560,  20.9700    , 0.900000E-01,  7.18000    ,             ,  10.5000    ,  20.9700    , 0.900000E-01,  7.35000    ,  234.960
   10.540340,  21.0100    , 0.900000E-01,  7.18000    ,             ,  10.5418    ,  21.0000    , 0.930000E-01,  7.36000    ,  234.670
   10.582110,  20.9800    , 0.970000E-01,  7.19000    ,             ,  10.5836    ,  20.9800    , 0.950000E-01,  7.36000    ,  233.260
   10.623880,  21.0000    , 0.900000E-01,  7.18000    ,             ,  10.6254    ,  20.9900    , 0.910000E-01,  7.36000    ,  233.260
   10.665670,  20.9900    , 0.900000E-01,  7.18000    ,             ,  10.6672    ,  20.9900    , 0.900000E-01,  7.36000    ,  233.960
   10.707360,  20.9900    , 0.900000E-01,  7.18000    ,             ,  10.7088    ,  20.9900    , 0.900000E-01,  7.35000    ,  233.260
   10.749050,  20.9700    , 0.980000E-01,  7.19000    ,             ,  10.7505    ,  20.9700    , 0.100000    ,  7.36000    ,  233.260
   10.790730,  20.9900    , 0.900000E-01,  7.18000    ,             ,  10.7922    ,  21.0000    , 0.920000E-01,  7.36000    ,  233.200
   10.832410,  20.9800    , 0.840000E-01,  7.19000    ,             ,  10.8339    ,  20.9700    , 0.870000E-01,  7.35000    ,  233.260
   10.874100,  20.9700    , 0.900000E-01,  7.18000    ,             ,  10.8756    ,  20.9700    , 0.900000E-01,  7.35000    ,  231.500
   10.915790,  20.9800    , 0.900000E-01,  7.18000    ,             ,  10.9173    ,  20.9700    , 0.900000E-01,  7.35000    ,  231.500
   10.957470,  20.9900    , 0.900000E-01,  7.18000    ,             ,  10.9590    ,  20.9900    , 0.900000E-01,  7.36000    ,  231.330
   10.999160,  21.0000    , 0.900000E-01,  7.19000    ,             ,  11.0007    ,  20.9900    , 0.810000E-01,  7.36000    ,  230.330
   11.040860,  20.9800    , 0.900000E-01,  7.19000    ,             ,  11.0424    ,  20.9900    , 0.900000E-01,  7.35000    ,  229.750
   11.082550,  20.9700    , 0.900000E-01,  7.18000    ,             ,  11.0840    ,  20.9700    , 0.900000E-01,  7.36000    ,  229.750
   11.124250,  21.0000    , 0.800000E-01,  7.18000    ,             ,  11.1257    ,  21.0000    , 0.830000E-01,  7.35000    ,  229.800
   11.165930,  20.9700    , 0.860000E-01,  7.18000    ,             ,  11.1674    ,  20.9800    , 0.900000E-01,  7.36000    ,  231.450
   11.207600,  20.9900    , 0.900000E-01,  7.18000    ,             ,  11.2091    ,  21.0000    , 0.900000E-01,  7.36000    ,  231.270
   11.249290,  20.9800    , 0.810000E-01,  7.18000    ,             ,  11.2508    ,  20.9900    , 0.810000E-01,  7.36000    ,  229.800
   11.290970,  20.9800    , 0.900000E-01,  7.18000    ,             ,  11.2925    ,  20.9800    , 0.830000E-01,  7.36000    ,  231.330
   11.332650,  20.9900    , 0.100000    ,  7.18000    ,             ,  11.3341    ,  20.9900    , 0.920000E-01,  7.36000    ,  229.800
   11.374320,  20.9700    , 0.900000E-01,  7.17000    ,             ,  11.3758    ,  20.9800    , 0.870000E-01,  7.36000    ,  230.390
   11.416000,  21.0000    , 0.870000E-01,  7.17000    ,             ,  11.4175    ,  20.9900    , 0.850000E-01,  7.35000    ,  230.210
   11.457670,  20.9800    , 0.900000E-01,  7.17000    ,             ,  11.4592    ,  20.9900    , 0.850000E-01,  7.36000    ,  230.860
   11.499350,  20.9800    , 0.910000E-01,  7.17000    ,             ,  11.5008    ,  20.9900    , 0.900000E-01,  7.35000    ,  231.390
   11.541040,  20.9800    , 0.920000E-01,  7.16000    ,             ,  11.5425    ,  20.9700    , 0.920000E-01,  7.35000    ,  231.390
   11.582720,  20.9700    , 0.900000E-01,  7.17000    ,             ,  11.5842    ,  20.9600    , 0.970000E-01,  7.34000    ,  231.620
   11.624400,  20.9800    , 0.900000E-01,  7.17000    ,             ,  11.6259    ,  20.9700    , 0.900000E-01,  7.34000    ,  232.320
   11.666080,  21.0000    , 0.900000E-01,  7.16000    ,             ,  11.6676    ,  21.0100    , 0.900000E-01,  7.34000    ,  233.320
   11.707750,  20.9900    , 0.900000E-01,  7.16000    ,             ,  11.7092    ,  20.9900    , 0.810000E-01,  7.34000    ,  233.320
   11.749420,  20.9800    , 0.900000E-01,  7.16000    ,             ,  11.7509    ,  20.9800    , 0.900000E-01,  7.34000    ,  235.020
   11.791110,  20.9600    , 0.900000E-01,  7.15000    ,             ,  11.7926    ,  20.9600    , 0.900000E-01,  7.33000    ,  236.720
   11.832800,  20.9700    , 0.800000E-01,  7.15000    ,             ,  11.8343    ,  20.9700    , 0.800000E-01,  7.33000    ,  236.780
   11.874490,  20.9800    , 0.810000E-01,  7.15000    ,             ,  11.8760    ,  20.9900    , 0.800000E-01,  7.33000    ,  236.780
   11.916180,  20.9800    , 0.920000E-01,  7.15000    ,             ,  11.9177    ,  20.9800    , 0.910000E-01,  7.32000    ,  237.420
   11.957850,  20.9900    , 0.890000E-01,  7.15000    ,             ,  11.9593    ,  20.9800    , 0.890000E-01,  7.32000    ,  236.950
   11.999540,  20.9800    , 0.900000E-01,  7.15000    ,             ,  12.0010    ,  20.9800    , 0.880000E-01,  7.32000    ,  237.890
   12.041230,  20.9800    , 0.100000    ,  7.15000    ,             ,  12.0427    ,  20.9700    , 0.900000E-01,  7.32000    ,  236.780
   12.082920,  20.9900    , 0.900000E-01,  7.15000    ,             ,  12.0844    ,  20.9900    , 0.810000E-01,  7.32000    ,  236.950
   12.124620,  20.9900    , 0.900000E-01,  7.14000    ,             ,  12.1261    ,  21.0000    , 0.890000E-01,  7.31000    ,  238.480
   12.166300,  20.9900    , 0.900000E-01,  7.14000    ,             ,  12.1678    ,  20.9900    , 0.820000E-01,  7.31000    ,  238.480
   12.208000,  20.9800    , 0.890000E-01,  7.15000    ,             ,  12.2095    ,  20.9900    , 0.890000E-01,  7.31000    ,  238.480
   12.249690,  20.9800    , 0.800000E-01,  7.14000    ,             ,  12.2512    ,  20.9800    , 0.810000E-01,  7.31000    ,  239.120
   12.291380,  20.9800    , 0.810000E-01,  7.14000    ,             ,  12.2929    ,  20.9800    , 0.780000E-01,  7.31000    ,  240.230
   12.333070,  20.9900    , 0.900000E-01,  7.13000    ,             ,  12.3346    ,  20.9900    , 0.820000E-01,  7.31000    ,  238.540
   12.374770,  20.9900    , 0.900000E-01,  7.13000    ,             ,  12.3763    ,  20.9900    , 0.800000E-01,  7.31000    ,  240.180
   12.416470,  20.9700    , 0.870000E-01,  7.14000    ,             ,  12.4180    ,  20.9800    , 0.890000E-01,  7.31000    ,  238.650
   12.458170,  20.9900    , 0.900000E-01,  7.13000    ,             ,  12.4597    ,  21.0000    , 0.800000E-01,  7.31000    ,  240.180
   12.499860,  20.9800    , 0.880000E-01,  7.13000    ,             ,  12.5014    ,  20.9700    , 0.820000E-01,  7.30000    ,  238.950
   12.541560,  21.0000    , 0.900000E-01,  7.13000    ,             ,  12.5431    ,  21.0000    , 0.800000E-01,  7.30000    ,  238.480
   12.583260,  21.0100    , 0.900000E-01,  7.13000    ,             ,  12.5848    ,  21.0000    , 0.960000E-01,  7.31000    ,  238.420
   12.624970,  20.9900    , 0.930000E-01,  7.12000    ,             ,  12.6265    ,  20.9900    , 0.990000E-01,  7.30000    ,  236.780
   12.666670,  21.0000    , 0.910000E-01,  7.13000    ,             ,  12.6682    ,  21.0100    , 0.900000E-01,  7.30000    ,  237.890
   12.708360,  20.9800    , 0.900000E-01,  7.12000    ,             ,  12.7099    ,  20.9900    , 0.840000E-01,  7.30000    ,  238.360
   12.750060,  21.0000    , 0.910000E-01,  7.12000    ,             ,  12.7515    ,  21.0100    , 0.860000E-01,  7.30000    ,  236.780
   12.791760,  20.9900    , 0.900000E-01,  7.12000    ,             ,  12.7933    ,  21.0000    , 0.810000E-01,  7.31000    ,  238.540
   12.833450,  20.9700    , 0.900000E-01,  7.12000    ,             ,  12.8349    ,  20.9700    , 0.890000E-01,  7.31000    ,  238.480
   12.875150,  20.9800    , 0.900000E-01,  7.11000    ,             ,  12.8766    ,  21.0000    , 0.900000E-01,  7.31000    ,  238.540
   12.916840,  20.9800    , 0.980000E-01,  7.12000    ,             ,  12.9183    ,  21.0000    , 0.880000E-01,  7.31000    ,  238.480
   12.958540,  20.9900    , 0.900000E-01,  7.10000    ,             ,  12.9600    ,  20.9900    , 0.850000E-01,  7.30000    ,  238.540
   13.000240,  20.9800    , 0.890000E-01,  7.11000    ,             ,  13.0017    ,  20.9900    , 0.890000E-01,  7.30000    ,  238.710
   13.041940,  20.9800    , 0.920000E-01,  7.10000    ,             ,  13.0434    ,  20.9600    , 0.870000E-01,  7.30000    ,  238.480
   13.083650,  20.9800    , 0.900000E-01,  7.10000    ,             ,  13.0851    ,  20.9800    , 0.850000E-01,  7.29000    ,  239.820
   13.125350,  20.9700    , 0.950000E-01,  7.10000    ,             ,  13.1268    ,  20.9800    , 0.890000E-01,  7.30000    ,  238.420
   13.167050,  20.9800    , 0.900000E-01,  7.10000    ,             ,  13.1685    ,  20.9800    , 0.870000E-01,  7.30000    ,  238.480
   13.208750,  20.9800    , 0.960000E-01,  7.09000    ,             ,  13.2102    ,  20.9900    , 0.870000E-01,  7.29000    ,  238.480
   13.250450,  20.9800    , 0.910000E-01,  7.09000    ,             ,  13.2519    ,  20.9900    , 0.810000E-01,  7.30000    ,  238.590
   13.292150,  20.9800    , 0.900000E-01,  7.09000    ,             ,  13.2936    ,  20.9900    , 0.800000E-01,  7.30000    ,  238.480
   13.333830,  20.9600    , 0.910000E-01,  7.09000    ,             ,  13.3353    ,  20.9700    , 0.900000E-01,  7.30000    ,  238.480
   13.375600,  20.9800    , 0.920000E-01,  7.08000    ,             ,  13.3771    ,  20.9900    , 0.900000E-01,  7.30000    ,  238.480
   13.417370,  20.9700    , 0.900000E-01,  7.08000    ,             ,  13.4188    ,  20.9800    , 0.830000E-01,  7.30000    ,  238.480
   13.459140,  20.9800    , 0.930000E-01,  7.08000    ,             ,  13.4606    ,  21.0000    , 0.840000E-01,  7.30000    ,  238.300
   13.500840,  20.9800    , 0.910000E-01,  7.09000    ,             ,  13.5023    ,  20.9800    , 0.900000E-01,  7.30000    ,  238.010
   13.542520,  20.9800    , 0.990000E-01,  7.09000    ,             ,  13.5440    ,  20.9900    , 0.910000E-01,  7.30000    ,  238.130
   13.584210,  20.9800    , 0.100000    ,  7.09000    ,             ,  13.5857    ,  20.9800    , 0.830000E-01,  7.31000    ,  237.540
   13.625890,  20.9700    , 0.990000E-01,  7.10000    ,             ,  13.6274    ,  20.9900    , 0.900000E-01,  7.30000    ,  237.540
   13.667600,  20.9800    , 0.100000    ,  7.09000    ,             ,  13.6691    ,  20.9900    , 0.900000E-01,  7.31000    ,  236.780
   13.709280,  20.9600    , 0.900000E-01,  7.09000    ,             ,  13.7108    ,  20.9800    , 0.800000E-01,  7.31000    ,  237.950
   13.750980,  20.9800    , 0.100000    ,  7.10000    ,             ,  13.7525    ,  20.9900    , 0.900000E-01,  7.31000    ,  236.720
   13.792690,  20.9900    , 0.910000E-01,  7.10000    ,             ,  13.7942    ,  20.9800    , 0.900000E-01,  7.31000    ,  236.780
   13.834380,  21.0000    , 0.100000    ,  7.10000    ,             ,  13.8359    ,  21.0100    , 0.860000E-01,  7.31000    ,  236.780
   13.876130,  20.9800    , 0.890000E-01,  7.10000    ,             ,  13.8776    ,  20.9900    , 0.790000E-01,  7.31000    ,  236.780
   13.917910,  20.9700    , 0.900000E-01,  7.10000    ,             ,  13.9194    ,  20.9900    , 0.800000E-01,  7.31000    ,  237.890
   13.959580,  20.9900    , 0.810000E-01,  7.10000    ,             ,  13.9611    ,  20.9900    , 0.800000E-01,  7.31000    ,  237.010
   14.001350,  20.9700    , 0.900000E-01,  7.10000    ,             ,  14.0028    ,  20.9900    , 0.800000E-01,  7.31000    ,  236.720
   14.043120,  20.9600    , 0.900000E-01,  7.10000    ,             ,  14.0446    ,  20.9700    , 0.800000E-01,  7.31000    ,  236.720
   14.084920,  20.9900    , 0.900000E-01,  7.10000    ,             ,  14.0864    ,  21.0000    , 0.800000E-01,  7.31000    ,  236.720
   14.126620,  21.0000    , 0.940000E-01,  7.10000    ,             ,  14.1281    ,  21.0100    , 0.840000E-01,  7.31000    ,  236.600
   14.168320,  20.9800    , 0.100000    ,  7.10000    ,             ,  14.1698    ,  20.9900    , 0.900000E-01,  7.31000    ,  236.600
   14.210020,  20.9800    , 0.990000E-01,  7.10000    ,             ,  14.2115    ,  21.0000    , 0.890000E-01,  7.31000    ,  234.960
   14.251710,  20.9800    , 0.100000    ,  7.10000    ,             ,  14.2532    ,  20.9900    , 0.900000E-01,  7.31000    ,  234.900
   14.293410,  20.9800    , 0.920000E-01,  7.10000    ,             ,  14.2949    ,  20.9900    , 0.900000E-01,  7.31000    ,  234.960
   14.335120,  20.9800    , 0.890000E-01,  7.10000    ,             ,  14.3366    ,  20.9900    , 0.860000E-01,  7.31000    ,  235.020
   14.376820,  20.9800    , 0.900000E-01,  7.10000    ,             ,  14.3783    ,  20.9800    , 0.900000E-01,  7.31000    ,  233.260
   14.418520,  20.9700    , 0.900000E-01,  7.10000    ,             ,  14.4200    ,  20.9800    , 0.800000E-01,  7.31000    ,  233.960
   14.460220,  20.9700    , 0.970000E-01,  7.10000    ,             ,  14.4617    ,  20.9800    , 0.850000E-01,  7.31000    ,  233.260
   14.501910,  20.9800    , 0.920000E-01,  7.10000    ,             ,  14.5034    ,  20.9900    , 0.800000E-01,  7.31000    ,  231.800
   14.543610,  20.9900    , 0.940000E-01,  7.10000    ,             ,  14.5451    ,  21.0000    , 0.850000E-01,  7.32000    ,  231.500
   14.585310,  20.9900    , 0.900000E-01,  7.10000    ,             ,  14.5868    ,  21.0000    , 0.820000E-01,  7.32000    ,  229.860
   14.627010,  20.9700    , 0.900000E-01,  7.10000    ,             ,  14.6285    ,  20.9900    , 0.800000E-01,  7.32000    ,  230.620
   14.668720,  20.9800    , 0.900000E-01,  7.11000    ,             ,  14.6702    ,  21.0000    , 0.900000E-01,  7.32000    ,  229.800
   14.710420,  20.9900    , 0.910000E-01,  7.10000    ,             ,  14.7119    ,  21.0000    , 0.900000E-01,  7.32000    ,  231.560
   14.752120,  20.9800    , 0.920000E-01,  7.10000    ,             ,  14.7536    ,  20.9900    , 0.900000E-01,  7.32000    ,  231.390
   14.793820,  20.9900    , 0.900000E-01,  7.11000    ,             ,  14.7953    ,  21.0000    , 0.900000E-01,  7.32000    ,  231.560
   14.835520,  20.9900    , 0.920000E-01,  7.10000    ,             ,  14.8370    ,  21.0000    , 0.900000E-01,  7.32000    ,  232.320
   14.877220,  20.9800    , 0.900000E-01,  7.10000    ,             ,  14.8787    ,  20.9900    , 0.850000E-01,  7.32000    ,  231.560
   14.918920,  20.9900    , 0.900000E-01,  7.10000    ,             ,  14.9204    ,  21.0000    , 0.800000E-01,  7.31000    ,  232.620
   14.960600,  20.9900    , 0.930000E-01,  7.10000    ,             ,  14.9621    ,  21.0000    , 0.830000E-01,  7.31000    ,  233.320
   15.002370,  20.9900    , 0.910000E-01,  7.10000    ,             ,  15.0038    ,  20.9900    , 0.900000E-01,  7.31000    ,  231.910
   15.044140,  20.9800    , 0.103000    ,  7.10000    ,             ,  15.0456    ,  20.9900    , 0.950000E-01,  7.31000    ,  233.550
   15.085910,  20.9800    , 0.970000E-01,  7.10000    ,             ,  15.0874    ,  21.0000    , 0.920000E-01,  7.31000    ,  233.380
   15.127690,  20.9700    , 0.910000E-01,  7.09000    ,             ,  15.1292    ,  20.9700    , 0.910000E-01,  7.31000    ,  233.380
   15.169470,  20.9900    , 0.100000    ,  7.09000    ,             ,  15.1709    ,  20.9900    , 0.840000E-01,  7.31000    ,  233.670
   15.211240,  20.9700    , 0.930000E-01,  7.09000    ,             ,  15.2127    ,  20.9800    , 0.840000E-01,  7.31000    ,  233.380
   15.253030,  20.9900    , 0.960000E-01,  7.10000    ,             ,  15.2545    ,  21.0000    , 0.860000E-01,  7.31000    ,  235.080
   15.294720,  20.9900    , 0.900000E-01,  7.10000    ,             ,  15.2962    ,  20.9900    , 0.860000E-01,  7.30000    ,  235.140
   15.336420,  20.9700    , 0.910000E-01,  7.10000    ,             ,  15.3379    ,  20.9900    , 0.900000E-01,  7.30000    ,  235.140
   15.378120,  20.9800    , 0.880000E-01,  7.09000    ,             ,  15.3796    ,  20.9900    , 0.870000E-01,  7.31000    ,  235.250
   15.419830,  21.0000    , 0.900000E-01,  7.10000    ,             ,  15.4213    ,  21.0200    , 0.850000E-01,  7.30000    ,  235.140
   15.461530,  20.9900    , 0.900000E-01,  7.09000    ,             ,  15.4630    ,  21.0100    , 0.800000E-01,  7.30000    ,  235.430
   15.503230,  20.9800    , 0.900000E-01,  7.09000    ,             ,  15.5047    ,  20.9900    , 0.800000E-01,  7.30000    ,  235.080
   15.544910,  20.9800    , 0.900000E-01,  7.05000    ,             ,  15.5464    ,  20.9800    , 0.810000E-01,  7.26000    ,  235.200
   15.586670,  20.9900    , 0.900000E-01,  7.03000    ,             ,  15.5882    ,  21.0100    , 0.810000E-01,  7.22000    ,  235.140
   15.628340,  20.9600    , 0.920000E-01,  7.00000    ,             ,  15.6298    ,  20.9700    , 0.900000E-01,  7.19000    ,  233.440
   15.670020,  20.9700    , 0.100000    ,  6.97000    ,             ,  15.6715    ,  20.9900    , 0.900000E-01,  7.17000    ,  233.440
   15.711760,  20.9800    , 0.100000    ,  6.95000    ,             ,  15.7132    ,  20.9900    , 0.900000E-01,  7.14000    ,  233.260
   15.753500,  20.9600    , 0.101000    ,  6.92000    ,             ,  15.7550    ,  20.9600    , 0.100000    ,  7.12000    ,  231.680
   15.795230,  20.9600    , 0.111000    ,  6.89000    ,             ,  15.7967    ,  20.9600    , 0.102000    ,  7.10000    ,  232.210
   15.836940,  20.9500    , 0.110000    ,  6.87000    ,             ,  15.8384    ,  20.9600    , 0.940000E-01,  7.08000    ,  231.680
   15.878680,  20.9600    , 0.112000    ,  6.85000    ,             ,  15.8802    ,  20.9900    , 0.110000    ,  7.06000    ,  231.620
   15.920420,  20.9400    , 0.120000    ,  6.83000    ,             ,  15.9219    ,  20.9600    , 0.114000    ,  7.04000    ,  231.330
   15.962160,  20.9500    , 0.121000    ,  6.82000    ,             ,  15.9636    ,  20.9700    , 0.110000    ,  7.02000    ,  230.800
   16.003910,  20.9400    , 0.120000    ,  6.80000    ,             ,  16.0054    ,  20.9700    , 0.110000    ,  7.00000    ,  229.860
   16.045660,  20.9300    , 0.128000    ,  6.78000    ,             ,  16.0471    ,  20.9400    , 0.113000    ,  6.99000    ,  229.920
   16.087400,  20.9600    , 0.122000    ,  6.77000    ,             ,  16.0889    ,  20.9700    , 0.115000    ,  6.97000    ,  229.860
   16.129050,  20.9400    , 0.124000    ,  6.75000    ,  171.560    ,  16.1305    ,  20.9500    , 0.113000    ,  6.95000    ,  229.860
   16.170860,  20.9200    , 0.128000    ,  6.74000    ,             ,  16.1723    ,  20.9300    , 0.118000    ,  6.94000    ,  229.920
   16.212600,  20.9300    , 0.130000    ,  6.74000    ,             ,  16.2141    ,  20.9400    , 0.120000    ,  6.92000    ,  228.160
   16.254340,  20.9400    , 0.130000    ,  6.73000    ,             ,  16.2558    ,  20.9500    , 0.120000    ,  6.91000    ,  229.220
   16.296080,  20.9200    , 0.130000    ,  6.72000    ,             ,  16.2976    ,  20.9400    , 0.120000    ,  6.90000    ,  228.280
   16.337820,  20.9200    , 0.130000    ,  6.71000    ,             ,  16.3393    ,  20.9400    , 0.120000    ,  6.89000    ,  228.160
   16.379560,  20.9400    , 0.130000    ,  6.70000    ,             ,  16.3810    ,  20.9400    , 0.121000    ,  6.87000    ,  228.980
   16.421280,  20.9200    , 0.130000    ,  6.69000    ,             ,  16.4228    ,  20.9400    , 0.120000    ,  6.87000    ,  228.160
   16.463010,  20.9200    , 0.130000    ,  6.69000    ,             ,  16.4645    ,  20.9200    , 0.124000    ,  6.85000    ,  226.520
   16.504720,  20.9300    , 0.120000    ,  6.68000    ,             ,  16.5062    ,  20.9500    , 0.120000    ,  6.84000    ,  226.520
   16.546460,  20.9300    , 0.124000    ,  6.68000    ,             ,  16.5479    ,  20.9400    , 0.124000    ,  6.83000    ,  226.410
   16.588220,  20.9300    , 0.134000    ,  6.67000    ,             ,  16.5897    ,  20.9400    , 0.134000    ,  6.83000    ,  226.290
   16.629920,  20.9200    , 0.131000    ,  6.66000    ,  170.390    ,  16.6314    ,  20.9300    , 0.131000    ,  6.84000    ,  225.590
   16.671610,  20.9200    , 0.140000    ,  6.67000    ,  170.040    ,  16.6731    ,  20.9200    , 0.130000    ,  6.84000    ,  222.950
   16.713300,  20.9300    , 0.130000    ,  6.67000    ,  170.100    ,  16.7148    ,  20.9400    , 0.130000    ,  6.84000    ,  223.770
   16.754990,  20.9300    , 0.127000    ,  6.67000    ,  169.040    ,  16.7565    ,  20.9300    , 0.128000    ,  6.84000    ,  222.950
   16.796670,  20.9300    , 0.126000    ,  6.67000    ,  169.280    ,  16.7981    ,  20.9200    , 0.126000    ,  6.85000    ,  222.950
   16.838370,  20.9200    , 0.130000    ,  6.67000    ,  169.040    ,  16.8398    ,  20.9200    , 0.131000    ,  6.85000    ,  221.190
   16.880060,  20.9300    , 0.130000    ,  6.67000    ,  168.870    ,  16.8815    ,  20.9300    , 0.130000    ,  6.85000    ,  221.190
   16.921750,  20.9300    , 0.130000    ,  6.68000    ,  169.100    ,  16.9232    ,  20.9200    , 0.121000    ,  6.85000    ,  220.840
   16.963440,  20.9100    , 0.132000    ,  6.68000    ,  168.630    ,  16.9649    ,  20.9100    , 0.130000    ,  6.86000    ,  219.260
   17.005130,  20.9200    , 0.129000    ,  6.67000    ,  168.570    ,  17.0066    ,  20.9100    , 0.139000    ,  6.86000    ,  217.730
   17.046810,  20.9200    , 0.120000    ,  6.68000    ,  167.520    ,  17.0483    ,  20.9200    , 0.130000    ,  6.86000    ,  216.330
   17.088510,  20.9100    , 0.126000    ,  6.68000    ,  166.640    ,  17.0900    ,  20.9100    , 0.127000    ,  6.87000    ,  215.570
   17.130220,  20.9200    , 0.120000    ,  6.68000    ,  166.170    ,  17.1317    ,  20.9100    , 0.132000    ,  6.87000    ,  214.280
   17.171910,  20.9200    , 0.123000    ,  6.68000    ,  166.110    ,  17.1734    ,  20.9000    , 0.133000    ,  6.88000    ,  212.580
   17.213610,  20.9300    , 0.121000    ,  6.68000    ,  165.000    ,  17.2151    ,  20.9200    , 0.132000    ,  6.88000    ,  210.820
   17.255300,  20.9200    , 0.130000    ,  6.68000    ,  165.180    ,  17.2568    ,  20.8900    , 0.134000    ,  6.88000    ,  209.470
   17.296980,  20.9000    , 0.120000    ,  6.68000    ,  163.890    ,  17.2984    ,  20.8800    , 0.130000    ,  6.89000    ,  209.060
   17.338670,  20.9200    , 0.130000    ,  6.67000    ,  163.360    ,  17.3401    ,  20.8800    , 0.140000    ,  6.89000    ,  207.480
   17.380350,  20.9200    , 0.121000    ,  6.67000    ,  163.480    ,  17.3818    ,  20.8900    , 0.140000    ,  6.89000    ,  205.660
   17.422030,  20.9200    , 0.129000    ,  6.67000    ,  164.060    ,  17.4235    ,  20.8800    , 0.140000    ,  6.90000    ,  207.360
   17.463700,  20.9100    , 0.121000    ,  6.67000    ,  163.890    ,  17.4652    ,  20.8700    , 0.140000    ,  6.90000    ,  209.000
   17.505410,  20.9100    , 0.132000    ,  6.68000    ,  164.180    ,  17.5069    ,  20.8700    , 0.141000    ,  6.90000    ,  207.710
   17.547110,  20.9400    , 0.132000    ,  6.68000    ,  164.820    ,  17.5486    ,  20.9200    , 0.150000    ,  6.91000    ,  207.420
   17.588810,  20.9200    , 0.130000    ,  6.68000    ,  164.880    ,  17.5903    ,  20.8700    , 0.141000    ,  6.91000    ,  208.120
   17.630500,  20.9300    , 0.130000    ,  6.68000    ,  165.290    ,  17.6320    ,  20.8800    , 0.140000    ,  6.91000    ,  209.120
   17.672280,  20.9200    , 0.121000    ,  6.69000    ,  167.290    ,  17.6738    ,  20.8700    , 0.137000    ,  6.92000    ,  210.820
   17.713980,  20.9300    , 0.120000    ,  6.68000    ,  167.230    ,  17.7155    ,  20.8900    , 0.140000    ,  6.91000    ,  211.290
   17.755670,  20.9300    , 0.120000    ,  6.68000    ,  167.700    ,  17.7571    ,  20.8900    , 0.135000    ,  6.92000    ,  210.880
   17.797360,  20.9300    , 0.129000    ,  6.68000    ,  166.880    ,  17.7988    ,  20.8800    , 0.139000    ,  6.93000    ,  210.880
   17.839050,  20.9200    , 0.120000    ,  6.70000    ,  166.820    ,  17.8405    ,  20.8800    , 0.140000    ,  6.95000    ,  210.880
   17.880750,  20.9200    , 0.121000    ,  6.70000    ,  166.760    ,  17.8822    ,  20.8600    , 0.140000    ,  6.96000    ,  210.820
   17.922440,  20.9200    , 0.121000    ,  6.70000    ,  167.230    ,  17.9239    ,  20.8700    , 0.140000    ,  6.97000    ,  209.180
   17.964130,  20.9200    , 0.128000    ,  6.70000    ,  166.990    ,  17.9656    ,  20.8600    , 0.139000    ,  6.98000    ,  209.180
   18.005810,  20.9200    , 0.120000    ,  6.71000    ,  167.400    ,  18.0073    ,  20.8600    , 0.131000    ,  7.00000    ,  209.940
   18.047490,  20.9300    , 0.125000    ,  6.72000    ,  167.290    ,  18.0490    ,  20.8700    , 0.139000    ,  7.00000    ,  210.880
   18.089170,  20.9100    , 0.120000    ,  6.71000    ,  167.460    ,  18.0907    ,  20.8700    , 0.140000    ,  7.01000    ,  210.880
   18.130870,  20.9100    , 0.120000    ,  6.72000    ,  167.230    ,  18.1323    ,  20.8600    , 0.133000    ,  7.01000    ,  210.880
   18.172560,  20.9100    , 0.120000    ,  6.72000    ,  168.280    ,  18.1740    ,  20.8800    , 0.136000    ,  7.02000    ,  211.580
   18.214260,  20.9200    , 0.122000    ,  6.72000    ,  167.810    ,  18.2157    ,  20.8700    , 0.134000    ,  7.03000    ,  211.000
   18.255950,  20.9300    , 0.119000    ,  6.73000    ,  168.160    ,  18.2574    ,  20.8600    , 0.130000    ,  7.03000    ,  210.880
   18.297630,  20.9200    , 0.119000    ,  6.72000    ,  168.400    ,  18.2991    ,  20.8700    , 0.133000    ,  7.04000    ,  210.880
   18.339320,  20.9300    , 0.113000    ,  6.73000    ,  168.520    ,  18.3408    ,  20.8800    , 0.130000    ,  7.04000    ,  212.580
   18.380980,  20.9100    , 0.119000    ,  6.74000    ,  168.160    ,  18.3824    ,  20.8600    , 0.131000    ,  7.04000    ,  212.580
   18.422660,  20.9100    , 0.120000    ,  6.73000    ,  168.520    ,  18.4241    ,  20.8600    , 0.130000    ,  7.05000    ,  212.580
   18.464360,  20.9200    , 0.117000    ,  6.73000    ,  168.460    ,  18.4658    ,  20.8700    , 0.136000    ,  7.05000    ,  213.340
   18.506060,  20.9200    , 0.119000    ,  6.73000    ,  167.990    ,  18.5075    ,  20.8600    , 0.139000    ,  7.05000    ,  212.580
   18.547750,  20.9200    , 0.110000    ,  6.74000    ,  168.520    ,  18.5492    ,  20.8700    , 0.130000    ,  7.06000    ,  212.580
   18.589430,  20.9300    , 0.110000    ,  6.74000    ,  168.810    ,  18.5909    ,  20.8800    , 0.121000    ,  7.05000    ,  212.580
   18.631120,  20.9200    , 0.117000    ,  6.74000    ,  168.690    ,  18.6326    ,  20.8700    , 0.127000    ,  7.06000    ,  214.280
   18.672800,  20.9100    , 0.110000    ,  6.74000    ,  169.160    ,  18.6743    ,  20.8500    , 0.122000    ,  7.05000    ,  214.280
   18.714470,  20.9200    , 0.120000    ,  6.73000    ,  168.750    ,  18.7159    ,  20.8800    , 0.130000    ,  7.06000    ,  214.280
   18.756160,  20.9000    , 0.120000    ,  6.74000    ,  168.810    ,  18.7576    ,  20.8600    , 0.134000    ,  7.06000    ,  214.450
   18.797850,  20.9400    , 0.118000    ,  6.74000    ,  169.280    ,  18.7993    ,  20.9000    , 0.128000    ,  7.05000    ,  214.280
   18.839550,  20.9200    , 0.120000    ,  6.74000    ,  169.040    ,  18.8410    ,  20.8800    , 0.134000    ,  7.05000    ,  215.980
   18.881240,  20.9400    , 0.119000    ,  6.74000    ,  169.340    ,  18.8827    ,  20.9000    , 0.131000    ,  7.06000    ,  216.040
   18.922920,  20.9200    , 0.112000    ,  6.74000    ,  169.390    ,  18.9244    ,  20.8900    , 0.122000    ,  7.06000    ,  216.040
   18.964590,  20.9300    , 0.110000    ,  6.74000    ,  169.280    ,  18.9661    ,  20.8800    , 0.120000    ,  7.06000    ,  217.730
   19.006280,  20.9400    , 0.117000    ,  6.74000    ,  168.870    ,  19.0078    ,  20.8900    , 0.127000    ,  7.06000    ,  217.730
   19.047950,  20.9200    , 0.120000    ,  6.75000    ,  169.340    ,  19.0494    ,  20.8800    , 0.130000    ,  7.06000    ,  217.790
   19.089760,  20.9000    , 0.114000    ,  6.74000    ,  169.750    ,  19.0912    ,  20.8500    , 0.122000    ,  7.06000    ,  217.790
   19.131490,  20.9300    , 0.113000    ,  6.75000    ,             ,  19.1330    ,  20.8800    , 0.121000    ,  7.06000    ,  217.790
   19.173230,  20.9200    , 0.116000    ,  6.75000    ,             ,  19.1747    ,  20.8700    , 0.133000    ,  7.06000    ,  218.090
   19.214920,  20.9200    , 0.112000    ,  6.75000    ,  169.750    ,  19.2164    ,  20.8800    , 0.130000    ,  7.06000    ,  219.430
   19.256610,  20.9300    , 0.111000    ,  6.75000    ,  170.270    ,  19.2581    ,  20.8900    , 0.130000    ,  7.06000    ,  219.490
   19.298280,  20.9100    , 0.120000    ,  6.76000    ,  170.330    ,  19.2997    ,  20.8600    , 0.121000    ,  7.06000    ,  219.490
   19.340070,  20.9300    , 0.117000    ,  6.75000    ,  170.510    ,  19.3415    ,  20.8700    , 0.128000    ,  7.06000    ,  219.490
   19.381770,  20.9300    , 0.110000    ,  6.75000    ,  170.100    ,  19.3832    ,  20.8700    , 0.120000    ,  7.06000    ,  219.550
   19.423460,  20.9200    , 0.110000    ,  6.75000    ,  170.330    ,  19.4249    ,  20.8900    , 0.121000    ,  7.06000    ,  220.250
   19.465150,  20.9300    , 0.116000    ,  6.75000    ,  169.690    ,  19.4666    ,  20.8900    , 0.117000    ,  7.06000    ,  220.200
   19.506830,  20.9200    , 0.111000    ,  6.75000    ,  169.980    ,  19.5083    ,  20.8800    , 0.120000    ,  7.06000    ,  220.140
   19.548500,  20.9400    , 0.116000    ,  6.75000    ,  170.450    ,  19.5499    ,  20.8800    , 0.126000    ,  7.06000    ,  219.490
   19.590270,  20.9100    , 0.120000    ,  6.75000    ,  170.330    ,  19.5917    ,  20.8700    , 0.130000    ,  7.06000    ,  219.320
   19.632070,  20.9100    , 0.110000    ,  6.75000    ,  169.570    ,  19.6335    ,  20.8800    , 0.130000    ,  7.06000    ,  219.490
   19.673760,  20.9000    , 0.115000    ,  6.75000    ,  169.920    ,  19.6752    ,  20.8700    , 0.130000    ,  7.06000    ,  221.190
   19.715460,  20.9400    , 0.114000    ,  6.75000    ,  169.510    ,  19.7169    ,  20.8900    , 0.130000    ,  7.06000    ,  219.490
   19.757150,  20.9100    , 0.110000    ,  6.75000    ,  170.450    ,  19.7586    ,  20.8700    , 0.120000    ,  7.06000    ,  219.490
   19.798840,  20.9400    , 0.110000    ,  6.76000    ,  169.920    ,  19.8003    ,  20.8900    , 0.120000    ,  7.06000    ,  221.190
   19.840520,  20.9300    , 0.110000    ,  6.75000    ,  169.040    ,  19.8420    ,  20.8700    , 0.120000    ,  7.06000    ,  221.070
   19.882190,  20.9400    , 0.112000    ,  6.76000    ,  170.160    ,  19.8836    ,  20.9200    , 0.120000    ,  7.07000    ,  220.250
   19.923960,  20.9400    , 0.110000    ,  6.76000    ,  170.570    ,  19.9254    ,  20.8900    , 0.122000    ,  7.07000    ,  219.490
   19.965740,  20.9300    , 0.112000    ,  6.76000    ,  169.630    ,  19.9672    ,  20.8900    , 0.130000    ,  7.07000    ,  220.310
   20.007430,  20.9200    , 0.109000    ,  6.76000    ,  169.800    ,  20.0089    ,  20.9000    , 0.129000    ,  7.07000    ,  221.190
   20.049120,  20.9400    , 0.113000    ,  6.76000    ,  169.100    ,  20.0506    ,  20.8900    , 0.129000    ,  7.07000    ,  219.490
   20.090800,  20.9200    , 0.111000    ,  6.76000    ,  169.630    ,  20.0923    ,  20.8800    , 0.130000    ,  7.07000    ,  220.370
   20.132510,  20.9300    , 0.110000    ,  6.76000    ,  168.980    ,  20.1340    ,  20.8900    , 0.120000    ,  7.07000    ,  219.490
   20.174200,  20.9100    , 0.110000    ,  6.76000    ,  168.870    ,  20.1757    ,  20.8800    , 0.120000    ,  7.07000    ,  219.430
   20.215930,  20.9300    , 0.110000    ,  6.76000    ,  168.980    ,  20.2174    ,  20.8800    , 0.120000    ,  7.07000    ,  221.020
   20.257650,  20.9200    , 0.110000    ,  6.76000    ,  169.220    ,  20.2591    ,  20.8800    , 0.120000    ,  7.06000    ,  219.730
   20.299390,  20.9400    , 0.110000    ,  6.76000    ,  169.220    ,  20.3009    ,  20.8900    , 0.110000    ,  7.07000    ,  220.370
   20.341100,  20.9300    , 0.112000    ,  6.75000    ,  168.460    ,  20.3426    ,  20.9000    , 0.120000    ,  7.07000    ,  220.430
   20.382810,  20.9200    , 0.110000    ,  6.76000    ,  168.630    ,  20.3843    ,  20.8800    , 0.120000    ,  7.07000    ,  221.070
   20.424530,  20.9200    , 0.110000    ,  6.76000    ,  168.810    ,  20.4260    ,  20.8900    , 0.130000    ,  7.07000    ,  219.430
   20.466220,  20.9200    , 0.114000    ,  6.76000    ,  168.750    ,  20.4677    ,  20.8900    , 0.120000    ,  7.07000    ,  219.960
   20.507920,  20.9400    , 0.115000    ,  6.75000    ,  168.400    ,  20.5094    ,  20.9000    , 0.122000    ,  7.07000    ,  220.780
   20.549630,  20.9300    , 0.120000    ,  6.75000    ,  168.570    ,  20.5511    ,  20.9000    , 0.130000    ,  7.07000    ,  221.020
   20.591340,  20.9300    , 0.112000    ,  6.76000    ,  168.050    ,  20.5928    ,  20.8900    , 0.123000    ,  7.07000    ,  221.070
   20.633060,  20.9300    , 0.110000    ,  6.76000    ,  168.690    ,  20.6345    ,  20.8900    , 0.120000    ,  7.07000    ,  221.130
   20.674770,  20.9400    , 0.110000    ,  6.76000    ,  168.930    ,  20.6762    ,  20.8900    , 0.121000    ,  7.07000    ,  221.130
   20.716480,  20.9300    , 0.110000    ,  6.76000    ,  168.630    ,  20.7179    ,  20.8900    , 0.120000    ,  7.07000    ,  220.900
   20.758180,  20.9400    , 0.110000    ,  6.76000    ,  168.630    ,  20.7597    ,  20.9000    , 0.120000    ,  7.07000    ,  219.790
   20.799870,  20.9400    , 0.110000    ,  6.80000    ,  168.520    ,  20.8013    ,  20.8900    , 0.116000    ,  7.09000    ,  221.600
   20.841550,  20.9300    , 0.100000    ,  6.85000    ,  168.930    ,  20.8430    ,  20.9000    , 0.102000    ,  7.10000    ,  224.590
   20.883310,  20.9400    , 0.900000E-01,  6.87000    ,  169.280    ,  20.8848    ,  20.9100    , 0.100000    ,  7.11000    ,  226.350
   20.925070,  20.9200    , 0.800000E-01,  6.90000    ,  168.400    ,  20.9265    ,  20.9000    , 0.940000E-01,  7.12000    ,  226.110
   20.966830,  20.9200    , 0.730000E-01,  6.91000    ,  166.820    ,  20.9683    ,  20.9000    , 0.800000E-01,  7.13000    ,  225.880
   21.008580,  20.9100    , 0.800000E-01,  6.92000    ,  166.410    ,  21.0100    ,  20.9200    , 0.800000E-01,  7.13000    ,  224.650
   21.050350,  20.9100    , 0.710000E-01,  6.92000    ,  164.530    ,  21.0518    ,  20.9100    , 0.700000E-01,  7.14000    ,  222.890
   21.092130,  20.9000    , 0.770000E-01,  6.92000    ,  162.250    ,  21.0936    ,  20.9200    , 0.680000E-01,  7.15000    ,  222.890
   21.133800,  20.8700    , 0.800000E-01,  6.92000    ,  159.730    ,  21.1352    ,  20.9100    , 0.640000E-01,  7.15000    ,  221.130
   21.175600,  20.8500    , 0.800000E-01,  6.92000    ,  156.740    ,  21.1771    ,  20.9100    , 0.700000E-01,  7.16000    ,  219.320
   21.217300,  20.8300    , 0.900000E-01,  6.93000    ,  154.510    ,  21.2188    ,  20.9100    , 0.700000E-01,  7.17000    ,  216.860
   21.258980,  20.8100    , 0.900000E-01,  6.94000    ,  151.930    ,  21.2604    ,  20.9300    , 0.700000E-01,  7.18000    ,  212.930
   21.300650,  20.7700    , 0.920000E-01,  6.95000    ,  148.890    ,  21.3021    ,  20.9100    , 0.610000E-01,  7.20000    ,  209.060
   21.342420,  20.7400    , 0.100000    ,  6.95000    ,  146.540    ,  21.3439    ,  20.8900    , 0.700000E-01,  7.21000    ,  203.960
   21.384190,  20.7300    , 0.108000    ,  6.96000    ,  144.490    ,  21.3856    ,  20.9100    , 0.700000E-01,  7.24000    ,  198.690
   21.425940,  20.7100    , 0.110000    ,  6.95000    ,  141.860    ,  21.4274    ,  20.9200    , 0.760000E-01,  7.28000    ,  191.840
   21.467700,  20.6700    , 0.110000    ,  6.93000    ,  140.920    ,  21.4692    ,  20.8700    , 0.700000E-01,  7.31000    ,  183.520
   21.509470,  20.6600    , 0.120000    ,  6.92000    ,  139.690    ,  21.5109    ,  20.8700    , 0.800000E-01,  7.36000    ,  176.310
   21.551230,  20.6100    , 0.120000    ,  6.90000    ,  138.630    ,  21.5527    ,  20.8400    , 0.800000E-01,  7.41000    ,  167.750
   21.592970,  20.5900    , 0.120000    ,  6.89000    ,  138.460    ,  21.5944    ,  20.8300    , 0.800000E-01,  7.44000    ,  159.260
   21.634730,  20.5900    , 0.130000    ,  6.87000    ,  135.180    ,  21.6362    ,  20.8300    , 0.960000E-01,  7.48000    ,  152.580
   21.676490,  20.5500    , 0.137000    ,  6.85000    ,  136.410    ,  21.6779    ,  20.7800    , 0.100000    ,  7.50000    ,  148.710
   21.718240,  20.5300    , 0.141000    ,  6.83000    ,  138.050    ,  21.7197    ,  20.7400    , 0.110000    ,  7.52000    ,  140.920
   21.760000,  20.5400    , 0.140000    ,  6.84000    ,  140.210    ,  21.7614    ,  20.7300    , 0.120000    ,  7.45000    ,  138.690
   21.801760,  20.5300    , 0.140000    ,  6.82000    ,  139.920    ,  21.8032    ,  20.6700    , 0.130000    ,  7.51000    ,  131.890
   21.843550,  20.5400    , 0.135000    ,  6.80000    ,  140.270    ,  21.8450    ,  20.6700    , 0.130000    ,  7.58000    ,  128.500
   21.885220,  20.5300    , 0.140000    ,  6.78000    ,  140.390    ,  21.8867    ,  20.6100    , 0.141000    ,  7.63000    ,  126.800
   21.926990,  20.5300    , 0.149000    ,  6.77000    ,  140.510    ,  21.9285    ,  20.5800    , 0.159000    ,  7.65000    ,  121.700
   21.968680,  20.5200    , 0.150000    ,  6.75000    ,  139.450    ,  21.9702    ,  20.5100    , 0.170000    ,  7.68000    ,  118.420
   22.010380,  20.5100    , 0.154000    ,  6.73000    ,  139.100    ,  22.0118    ,  20.4800    , 0.182000    ,  7.69000    ,  114.900
   22.052060,  20.5100    , 0.163000    ,  6.72000    ,  140.040    ,  22.0535    ,  20.4500    , 0.199000    ,  7.70000    ,  113.200
   22.093830,  20.5200    , 0.162000    ,  6.71000    ,  139.160    ,  22.0953    ,  20.4200    , 0.200000    ,  7.65000    ,  114.900
   22.135590,  20.5100    , 0.180000    ,  6.69000    ,  140.740    ,  22.1370    ,  20.4000    , 0.220000    ,  7.55000    ,  118.240
   22.177350,  20.4800    , 0.181000    ,  6.67000    ,  140.680    ,  22.1788    ,  20.3600    , 0.230000    ,  7.46000    ,  113.200
   22.219130,  20.4700    , 0.175000    ,  6.65000    ,  140.270    ,  22.2206    ,  20.3000    , 0.230000    ,  7.40000    ,  104.940
   22.260900,  20.4700    , 0.191000    ,  6.63000    ,  141.620    ,  22.2624    ,  20.2800    , 0.254000    ,  7.36000    ,  96.1500
   22.302670,  20.4700    , 0.192000    ,  6.61000    ,  140.740    ,  22.3041    ,  20.2600    , 0.270000    ,  7.31000    ,  86.0200
   22.344440,  20.4700    , 0.199000    ,  6.58000    ,  139.750    ,  22.3459    ,  20.2200    , 0.279000    ,  7.25000    ,  79.2200
   22.386200,  20.4700    , 0.211000    ,  6.57000    ,  138.340    ,  22.3877    ,  20.1800    , 0.312000    ,  7.20000    ,  72.4800
   22.427970,  20.4900    , 0.201000    ,  6.54000    ,  137.930    ,  22.4294    ,  20.2200    , 0.309000    ,  7.15000    ,  62.0500
   22.469750,  20.4700    , 0.207000    ,  6.53000    ,  136.000    ,  22.4712    ,  20.1300    , 0.337000    ,  7.13000    ,  52.2100
   22.511530,  20.4600    , 0.221000    ,  6.52000    ,  135.530    ,  22.5130    ,  20.1200    , 0.351000    ,  7.09000    ,  43.7700
   22.553210,  20.4800    , 0.226000    ,  6.52000    ,  133.650    ,  22.5547    ,  20.0900    , 0.369000    ,  7.08000    ,  35.3900
   22.594880,  20.4800    , 0.231000    ,  6.49000    ,  131.840    ,  22.5964    ,  20.0700    , 0.381000    ,  7.08000    ,  28.6500
   22.636560,  20.4200    , 0.234000    ,  6.50000    ,  129.900    ,  22.6380    ,  19.9800    , 0.395000    ,  6.96000    ,  37.0900
   22.678240,  20.4500    , 0.227000    ,  6.51000    ,  129.200    ,  22.6797    ,  20.0200    , 0.367000    ,  6.66000    ,  61.0000
   22.720010,  20.4300    , 0.221000    ,  6.53000    ,  129.900    ,  22.7215    ,  20.0300    , 0.321000    ,  6.60000    ,  97.8500
   22.761780,  20.4500    , 0.221000    ,  6.54000    ,  128.260    ,  22.7632    ,  20.1100    , 0.291000    ,  6.58000    ,  119.820
   22.803540,  20.4400    , 0.219000    ,  6.57000    ,  127.090    ,  22.8050    ,  20.1600    , 0.261000    ,  6.56000    ,  130.200
   22.845300,  20.4400    , 0.220000    ,  6.58000    ,  129.260    ,  22.8468    ,  20.2200    , 0.243000    ,  6.55000    ,  142.210
   22.887080,  20.4300    , 0.222000    ,  6.59000    ,  128.320    ,  22.8886    ,  20.2800    , 0.231000    ,  6.53000    ,  147.190
   22.928820,  20.4400    , 0.221000    ,  6.60000    ,             ,  22.9303    ,  20.3500    , 0.220000    ,  6.53000    ,  145.660
   22.970510,  20.4300    , 0.216000    ,  6.60000    ,  127.030    ,  22.9720    ,  20.3700    , 0.215000    ,  6.53000    ,  144.380
   23.012200,  20.4200    , 0.221000    ,  6.61000    ,  127.380    ,  23.0137    ,  20.4000    , 0.203000    ,  6.56000    ,  140.270
   23.053880,  20.4100    , 0.214000    ,  6.62000    ,  126.150    ,  23.0553    ,  20.3900    , 0.200000    ,  6.61000    ,  132.480
   23.095530,  20.3900    , 0.231000    ,  6.61000    ,  125.390    ,  23.0970    ,  20.4000    , 0.210000    ,  6.70000    ,  118.540
   23.137290,  20.4000    , 0.231000    ,  6.61000    ,  126.270    ,  23.1387    ,  20.4300    , 0.220000    ,  6.84000    ,  101.540
   23.179050,  20.3800    , 0.232000    ,  6.62000    ,  125.040    ,  23.1805    ,  20.4000    , 0.222000    ,  6.97000    ,  84.5500
   23.220830,  20.3600    , 0.237000    ,  6.61000    ,  126.620    ,  23.2223    ,  20.3600    , 0.237000    ,  7.09000    ,  77.5200
   23.262620,  20.3900    , 0.231000    ,  6.60000    ,  125.390    ,  23.2641    ,  20.3400    , 0.250000    ,  7.16000    ,  65.7400
   23.304290,  20.3700    , 0.237000    ,  6.60000    ,  126.090    ,  23.3057    ,  20.2900    , 0.267000    ,  7.22000    ,  55.6100
   23.345960,  20.3900    , 0.242000    ,  6.60000    ,  125.800    ,  23.3474    ,  20.2900    , 0.289000    ,  7.26000    ,  47.2900
   23.387630,  20.3800    , 0.244000    ,  6.60000    ,  125.390    ,  23.3891    ,  20.2200    , 0.310000    ,  7.27000    ,  40.5500
   23.429400,  20.4000    , 0.250000    ,  6.59000    ,  125.630    ,  23.4308    ,  20.2000    , 0.319000    ,  7.27000    ,  33.6300
   23.471160,  20.3800    , 0.247000    ,  6.59000    ,  124.800    ,  23.4726    ,  20.1500    , 0.330000    ,  7.26000    ,  29.2400
   23.512930,  20.4000    , 0.251000    ,  6.59000    ,  124.800    ,  23.5144    ,  20.1200    , 0.338000    ,  7.25000    ,  25.3100
   23.554690,  20.4000    , 0.251000    ,  6.59000    ,  124.860    ,  23.5561    ,  20.1000    , 0.343000    ,  7.23000    ,  24.0200
   23.596470,  20.4300    , 0.241000    ,  6.59000    ,  126.090    ,  23.5979    ,  20.1700    , 0.330000    ,  7.20000    ,  28.6500
   23.638150,  20.4500    , 0.251000    ,  6.59000    ,  124.570    ,  23.6396    ,  20.1400    , 0.350000    ,  7.23000    ,  25.3700
   23.679810,  20.4200    , 0.248000    ,  6.60000    ,  124.750    ,  23.6813    ,  20.0900    , 0.350000    ,  7.20000    ,  21.9100
   23.721590,  20.4300    , 0.251000    ,  6.59000    ,  124.340    ,  23.7230    ,  20.0700    , 0.360000    ,  7.18000    ,  20.1600
   23.763340,  20.4600    , 0.251000    ,  6.60000    ,  121.880    ,  23.7648    ,  20.0500    , 0.364000    ,  7.16000    ,  18.6300
   23.805120,  20.4700    , 0.251000    ,  6.60000    ,  119.820    ,  23.8066    ,  20.0600    , 0.371000    ,  7.13000    ,  18.5700
   23.846880,  20.4300    , 0.252000    ,  6.59000    ,  119.940    ,  23.8483    ,  20.0100    , 0.371000    ,  7.00000    ,  33.6900
   23.888650,  20.4700    , 0.261000    ,  6.55000    ,  126.090    ,  23.8901    ,  20.0500    , 0.381000    ,  7.00000    ,  25.4900
   23.930430,  20.4800    , 0.261000    ,  6.48000    ,  128.200    ,  23.9319    ,  20.0800    , 0.381000    ,  6.92000    ,  30.0000
   23.972110,  20.6000    , 0.244000    ,  6.43000    ,  120.290    ,  23.9736    ,  20.2500    , 0.360000    ,  6.81000    ,  11.1900
   24.013770,  20.6900    , 0.245000    ,  6.42000    ,  119.000    ,  24.0152    ,  20.3400    , 0.372000    ,  6.75000    ,  7.62000
   24.055560,  20.7100    , 0.249000    ,  6.42000    ,  119.000    ,  24.0570    ,  20.3800    , 0.381000    ,  6.70000    ,  36.0900
   24.097310,  20.6800    , 0.271000    ,  6.40000    ,  120.290    ,  24.0988    ,  20.3400    , 0.441000    ,  6.65000    ,  127.850
   24.139070,  20.6400    , 0.294000    ,  6.38000    ,  121.640    ,  24.1405    ,  20.3600    , 0.436000    ,  6.64000    ,  174.790
   24.180830,  20.6100    , 0.321000    ,  6.35000    ,  127.030    ,  24.1823    ,  20.4200    , 0.421000    ,  6.60000    ,  193.950
   24.222630,  20.5700    , 0.331000    ,  6.36000    ,  140.620    ,  24.2241    ,  20.4700    , 0.400000    ,  6.58000    ,  202.380
   24.264320,  20.5900    , 0.331000    ,  6.34000    ,  154.860    ,  24.2658    ,  20.5400    , 0.370000    ,  6.57000    ,  207.480
   24.306000,  20.6200    , 0.321000    ,  6.35000    ,  162.890    ,  24.3074    ,  20.5900    , 0.343000    ,  6.57000    ,  209.180
   24.347670,  20.6700    , 0.301000    ,  6.38000    ,  165.700    ,  24.3491    ,  20.6600    , 0.322000    ,  6.58000    ,  209.410
   24.389440,  20.6900    , 0.292000    ,  6.39000    ,  166.460    ,  24.3909    ,  20.6800    , 0.309000    ,  6.60000    ,  210.940
   24.431220,  20.7300    , 0.280000    ,  6.42000    ,  167.700    ,  24.4327    ,  20.7400    , 0.290000    ,  6.62000    ,  212.290
   24.472970,  20.7400    , 0.271000    ,  6.43000    ,  167.750    ,  24.4744    ,  20.7300    , 0.285000    ,  6.63000    ,  212.640
   24.514760,  20.7700    , 0.260000    ,  6.45000    ,  168.220    ,  24.5162    ,  20.7700    , 0.269000    ,  6.65000    ,  213.220
   24.556450,  20.7800    , 0.251000    ,  6.46000    ,  168.280    ,  24.5579    ,  20.7800    , 0.260000    ,  6.66000    ,  214.510
   24.598100,  20.8000    , 0.242000    ,  6.47000    ,  168.110    ,  24.5996    ,  20.8000    , 0.250000    ,  6.67000    ,  215.450
   24.639870,  20.8200    , 0.237000    ,  6.48000    ,  168.160    ,  24.6413    ,  20.8300    , 0.243000    ,  6.68000    ,  216.040
   24.681640,  20.8300    , 0.222000    ,  6.49000    ,  167.870    ,  24.6831    ,  20.8400    , 0.230000    ,  6.69000    ,  216.800
   24.723410,  20.8400    , 0.218000    ,  6.50000    ,  168.280    ,  24.7249    ,  20.8600    , 0.217000    ,  6.70000    ,  216.740
   24.765200,  20.8600    , 0.214000    ,  6.51000    ,  168.160    ,  24.7667    ,  20.8800    , 0.213000    ,  6.71000    ,  217.790
   24.806860,  20.8600    , 0.211000    ,  6.52000    ,  168.160    ,  24.8083    ,  20.8700    , 0.205000    ,  6.71000    ,  218.790
   24.848650,  20.8600    , 0.214000    ,  6.52000    ,  167.400    ,  24.8501    ,  20.8700    , 0.210000    ,  6.72000    ,  219.550
   24.890410,  20.8700    , 0.211000    ,  6.52000    ,  167.580    ,  24.8919    ,  20.8800    , 0.203000    ,  6.72000    ,  219.490
   24.932180,  20.8700    , 0.201000    ,  6.53000    ,  167.170    ,  24.9336    ,  20.8900    , 0.192000    ,  6.73000    ,  219.840
   24.973940,  20.8800    , 0.195000    ,  6.53000    ,  167.050    ,  24.9754    ,  20.8900    , 0.182000    ,  6.74000    ,  221.250
   25.015730,  20.8800    , 0.196000    ,  6.53000    ,  167.990    ,  25.0172    ,  20.8900    , 0.182000    ,  6.74000    ,  221.250
   25.057420,  20.8800    , 0.192000    ,  6.55000    ,  166.880    ,  25.0589    ,  20.8800    , 0.182000    ,  6.74000    ,  221.250
   25.099090,  20.8700    , 0.191000    ,  6.55000    ,  166.170    ,  25.1005    ,  20.8900    , 0.181000    ,  6.75000    ,  221.250
   25.140840,  20.8700    , 0.191000    ,  6.55000    ,  167.050    ,  25.1423    ,  20.8900    , 0.171000    ,  6.75000    ,  221.480
   25.182620,  20.8800    , 0.190000    ,  6.56000    ,  166.930    ,  25.1841    ,  20.8900    , 0.179000    ,  6.76000    ,  221.250
   25.224380,  20.8900    , 0.191000    ,  6.57000    ,  167.750    ,  25.2258    ,  20.8900    , 0.170000    ,  6.75000    ,  221.250
   25.266160,  20.8900    , 0.190000    ,  6.57000    ,  167.340    ,  25.2676    ,  20.8800    , 0.170000    ,  6.76000    ,  222.130
   25.307850,  20.8900    , 0.191000    ,  6.58000    ,  167.870    ,  25.3093    ,  20.8900    , 0.180000    ,  6.76000    ,  221.250
   25.349530,  20.9100    , 0.184000    ,  6.59000    ,  168.280    ,  25.3510    ,  20.9100    , 0.175000    ,  6.76000    ,  221.250
   25.391280,  20.9100    , 0.181000    ,  6.59000    ,  168.220    ,  25.3927    ,  20.9100    , 0.170000    ,  6.76000    ,  221.310
   25.433060,  20.9000    , 0.181000    ,  6.60000    ,  168.520    ,  25.4345    ,  20.8800    , 0.171000    ,  6.76000    ,  221.190
   25.474810,  20.9100    , 0.181000    ,  6.60000    ,  168.570    ,  25.4763    ,  20.9000    , 0.178000    ,  6.75000    ,  221.250
   25.516600,  20.9100    , 0.173000    ,  6.61000    ,  168.570    ,  25.5181    ,  20.8900    , 0.180000    ,  6.76000    ,  219.670
   25.558280,  20.9100    , 0.171000    ,  6.62000    ,  168.110    ,  25.5598    ,  20.8900    , 0.180000    ,  6.76000    ,  219.430
   25.599950,  20.9100    , 0.161000    ,  6.63000    ,  167.340    ,  25.6014    ,  20.9000    , 0.170000    ,  6.75000    ,  218.380
   25.641710,  20.9100    , 0.161000    ,  6.63000    ,  168.340    ,  25.6432    ,  20.8800    , 0.180000    ,  6.75000    ,  218.260
   25.683470,  20.9200    , 0.158000    ,  6.64000    ,  168.400    ,  25.6849    ,  20.8800    , 0.178000    ,  6.75000    ,  217.730
   25.725230,  20.9200    , 0.152000    ,  6.64000    ,  168.340    ,  25.7267    ,  20.8900    , 0.180000    ,  6.74000    ,  217.620
   25.767010,  20.9300    , 0.150000    ,  6.66000    ,  168.520    ,  25.7685    ,  20.8900    , 0.180000    ,  6.75000    ,  216.040
   25.808700,  20.9300    , 0.150000    ,  6.66000    ,  168.110    ,  25.8102    ,  20.8900    , 0.180000    ,  6.74000    ,  215.980
   25.850370,  20.9200    , 0.150000    ,  6.66000    ,  167.810    ,  25.8518    ,  20.8700    , 0.180000    ,  6.74000    ,  214.800
   25.892050,  20.9300    , 0.150000    ,  6.67000    ,  167.640    ,  25.8935    ,  20.8700    , 0.180000    ,  6.73000    ,  214.450
   25.933820,  20.9300    , 0.140000    ,  6.67000    ,  167.580    ,  25.9353    ,  20.8800    , 0.180000    ,  6.73000    ,  212.580
   25.975580,  20.9200    , 0.149000    ,  6.67000    ,  167.640    ,  25.9770    ,  20.8600    , 0.189000    ,  6.73000    ,  212.460
   26.017340,  20.9300    , 0.150000    ,  6.68000    ,  167.170    ,  26.0188    ,  20.8500    , 0.192000    ,  6.72000    ,  210.940
   26.059120,  20.9200    , 0.140000    ,  6.67000    ,  166.580    ,  26.0606    ,  20.8400    , 0.190000    ,  6.71000    ,  209.470
   26.100800,  20.9300    , 0.146000    ,  6.67000    ,  166.520    ,  26.1023    ,  20.8500    , 0.196000    ,  6.71000    ,  209.120
   26.142470,  20.9300    , 0.144000    ,  6.68000    ,  166.230    ,  26.1439    ,  20.8500    , 0.196000    ,  6.71000    ,  209.060
   26.184240,  20.9500    , 0.147000    ,  6.67000    ,  165.640    ,  26.1857    ,  20.8500    , 0.203000    ,  6.71000    ,  207.360
   26.226000,  20.9400    , 0.130000    ,  6.68000    ,  165.760    ,  26.2274    ,  20.8400    , 0.200000    ,  6.70000    ,  205.660
   26.267750,  20.9400    , 0.133000    ,  6.68000    ,  165.470    ,  26.2692    ,  20.8300    , 0.202000    ,  6.70000    ,  205.660
   26.309510,  20.9400    , 0.140000    ,  6.69000    ,  165.230    ,  26.3110    ,  20.8400    , 0.210000    ,  6.69000    ,  205.610
   26.351270,  20.9400    , 0.134000    ,  6.68000    ,  165.760    ,  26.3527    ,  20.8300    , 0.210000    ,  6.69000    ,  203.910
   26.393040,  20.9500    , 0.139000    ,  6.68000    ,  165.000    ,  26.3945    ,  20.8200    , 0.209000    ,  6.67000    ,  203.730
   26.434730,  20.9300    , 0.144000    ,  6.68000    ,  164.650    ,  26.4362    ,  20.8100    , 0.214000    ,  6.67000    ,  202.210
   26.476410,  20.9200    , 0.140000    ,  6.67000    ,  165.000    ,  26.4779    ,  20.7900    , 0.221000    ,  6.67000    ,  201.090
   26.518180,  20.9300    , 0.142000    ,  6.67000    ,  165.530    ,  26.5196    ,  20.7900    , 0.220000    ,  6.66000    ,  200.510
   26.559940,  20.9300    , 0.142000    ,  6.67000    ,  165.590    ,  26.5614    ,  20.7900    , 0.230000    ,  6.65000    ,  200.510
   26.601700,  20.9200    , 0.151000    ,  6.66000    ,  165.060    ,  26.6032    ,  20.7900    , 0.240000    ,  6.64000    ,  198.750
   26.643470,  20.9100    , 0.147000    ,  6.66000    ,  165.060    ,  26.6449    ,  20.7600    , 0.240000    ,  6.63000    ,  198.750
   26.685250,  20.9000    , 0.150000    ,  6.65000    ,  164.530    ,  26.6867    ,  20.7500    , 0.240000    ,  6.62000    ,  196.820
   26.726940,  20.9100    , 0.150000    ,  6.64000    ,  164.180    ,  26.7284    ,  20.7500    , 0.251000    ,  6.61000    ,  195.470
   26.768610,  20.9100    , 0.154000    ,  6.63000    ,  163.830    ,  26.7701    ,  20.7500    , 0.254000    ,  6.60000    ,  193.590
   26.810380,  20.9100    , 0.157000    ,  6.63000    ,  163.300    ,  26.8118    ,  20.7400    , 0.260000    ,  6.60000    ,  193.590
   26.852140,  20.9000    , 0.161000    ,  6.62000    ,  162.950    ,  26.8536    ,  20.7300    , 0.263000    ,  6.58000    ,  191.890
   26.893910,  20.8900    , 0.160000    ,  6.61000    ,  163.010    ,  26.8954    ,  20.7100    , 0.269000    ,  6.57000    ,  191.840
   26.935660,  20.9000    , 0.161000    ,  6.60000    ,  162.480    ,  26.9371    ,  20.7100    , 0.276000    ,  6.57000    ,  195.290
   26.977440,  20.8900    , 0.166000    ,  6.60000    ,  162.010    ,  26.9789    ,  20.7200    , 0.282000    ,  6.60000    ,  207.360
   27.019110,  20.8900    , 0.171000    ,  6.59000    ,  161.540    ,  27.0206    ,  20.7500    , 0.280000    ,  6.62000    ,  210.880
   27.060880,  20.8800    , 0.169000    ,  6.58000    ,  161.310    ,  27.0623    ,  20.7500    , 0.268000    ,  6.62000    ,  212.870
   27.102640,  20.8700    , 0.168000    ,  6.58000    ,  161.020    ,  27.1041    ,  20.7600    , 0.261000    ,  6.62000    ,  212.580
   27.144400,  20.8800    , 0.174000    ,  6.57000    ,  161.250    ,  27.1458    ,  20.7700    , 0.258000    ,  6.62000    ,  212.870
   27.186160,  20.8800    , 0.172000    ,  6.57000    ,  161.190    ,  27.1876    ,  20.7900    , 0.260000    ,  6.62000    ,  212.580
   27.227930,  20.8700    , 0.174000    ,  6.56000    ,  161.250    ,  27.2294    ,  20.7900    , 0.264000    ,  6.61000    ,  212.580
   27.269620,  20.8700    , 0.177000    ,  6.56000    ,  160.490    ,  27.2711    ,  20.7900    , 0.270000    ,  6.61000    ,  211.700
   27.311280,  20.8600    , 0.173000    ,  6.55000    ,  159.670    ,  27.3127    ,  20.8000    , 0.272000    ,  6.60000    ,  210.820
   27.353060,  20.8600    , 0.186000    ,  6.54000    ,  159.490    ,  27.3545    ,  20.7900    , 0.275000    ,  6.60000    ,  210.820
   27.394810,  20.8500    , 0.182000    ,  6.54000    ,  159.320    ,  27.3963    ,  20.7900    , 0.271000    ,  6.59000    ,  210.820
   27.436570,  20.8500    , 0.197000    ,  6.54000    ,  159.200    ,  27.4380    ,  20.8000    , 0.280000    ,  6.59000    ,  210.820
